"id","card_nr","card_type"
"1","6048 5644 8974 8450","1"
"2","5038 6117 5770 8590","2"
"3","5020 0823 8496 0330","2"
"4","5287 2014 1045 0020","3"
"5","4041 5960 3223 5110","2"
"6","5610 8884 6073 3590","2"
"7","6304 8583 2839 4920","2"
"8","5362 1630 1011 0910","3"
"9","4041 5984 1890 2420","2"
"10","6762 7276 2602 5570","2"
"11","4026 1388 4508 8050","1"
"12","5602 2427 5703 6720","2"
"13","5602 2445 5864 5090","3"
"14","5100 1355 5141 0290","1"
"15","5893 8754 6594 7890","3"
"16","5412 8298 1348 5540","2"
"17","4508 1325 6002 5300","2"
"18","4917 6462 6898 0300","1"
"19","5208 2416 3897 1530","2"
"20","5602 2141 5658 0090","1"
"21","5100 1740 1989 1760","3"
"22","6304 8860 0369 5550","3"
"23","5100 1416 1047 6240","1"
"24","4844 2173 4827 4010","2"
"25","5602 2240 8765 8930","3"
"26","4405 6417 4950 2990","3"
"27","4175 0074 6102 9930","2"
"28","6044 2534 2559 9020","3"
"29","5010 1263 0822 2990","3"
"30","5602 2197 3698 9750","1"
"31","4017 9564 7633 8440","2"
"32","5893 1994 1404 3230","1"
"33","6761 8520 6725 5510","1"
"34","5100 1420 9466 5910","2"
"35","5232 9738 6608 8380","3"
"36","4913 0712 0399 1330","3"
"37","6759 6031 2767 6410","1"
"38","5610 9091 9170 2280","2"
"39","6049 2373 5829 8420","3"
"40","5010 1208 8631 5280","2"
"41","5602 2325 2252 7160","1"
"42","5602 2414 6197 4550","1"
"43","4175 0074 6303 7220","2"
"44","6047 2258 6887 7730","1"
"45","4508 8554 2831 8730","1"
"46","5116 0662 4616 6390","3"
"47","5018 4178 1688 0420","1"
"48","6761 8342 5862 5680","3"
"49","5002 3540 8668 3750","3"
"50","4844 9104 5482 3920","3"
"51","4581 4843 5844 6560","1"
"52","4326 1298 5726 1420","1"
"53","5610 9656 6637 2650","2"
"54","4041 3707 5356 6780","2"
"55","4917 1378 7517 3800","2"
"56","5602 2257 6836 2170","1"
"57","4913 6879 1872 8040","3"
"58","5602 2240 7822 8570","3"
"59","5100 1417 3943 3880","3"
"60","5602 2400 9593 8980","2"
"61","5602 2325 4527 4140","3"
"62","5038 6311 6138 7480","3"
"63","4844 0581 3573 6820","2"
"64","4917 7012 5655 9060","3"
"65","5893 5878 7635 6790","1"
"66","5610 0041 6089 6600","2"
"67","4913 1984 0962 9610","1"
"68","5010 1219 3206 8450","3"
"69","4041 3753 4211 6550","2"
"70","6759 7991 8075 7860","2"
"71","5020 3574 1459 1580","3"
"72","4041 3766 2218 8490","2"
"73","6049 5426 1583 6500","2"
"74","5007 6656 1842 4390","1"
"75","6304 6542 2363 7780","3"
"76","5602 2581 9884 9910","3"
"77","5602 2539 7102 6150","3"
"78","4026 5129 6070 7560","3"
"79","4844 9997 4410 2260","2"
"80","5108 7514 4472 8510","1"
"81","6763 6803 3753 7550","1"
"82","4917 1782 2082 5740","3"
"83","6759 0903 7823 4620","2"
"84","5893 2961 6421 3620","1"
"85","5602 2365 9914 0310","2"
"86","4405 3839 0008 2190","2"
"87","4405 5648 5250 2280","1"
"88","5007 6675 6088 3210","3"
"89","5018 1204 7888 3360","3"
"90","5602 2545 5104 8960","3"
"91","4913 4185 6286 7780","1"
"92","5602 2230 3530 7350","1"
"93","5100 1723 9374 3330","3"
"94","4508 9022 9770 2730","3"
"95","5038 8615 7468 3650","1"
"96","4508 5072 2643 7100","3"
"97","5018 2043 0689 0130","1"
"98","5100 1777 6190 6800","1"
"99","5038 2664 3845 6880","3"
"100","5602 2438 5486 7480","1"
"101","4041 5937 6370 5840","2"
"102","5602 2396 5351 9040","2"
"103","4017 9590 4216 1370","1"
"104","6763 0137 5031 9720","1"
"105","4041 5911 4501 6320","1"
"106","6304 6767 5591 2340","2"
"107","4060 9290 2907 4230","2"
"108","5108 7562 6016 3630","3"
"109","4917 5982 7481 1450","1"
"110","5610 4885 7107 7970","2"
"111","5002 3567 5717 9030","2"
"112","6042 2922 1303 3320","2"
"113","5602 2123 0925 3920","1"
"114","6759 6921 7976 3060","1"
"115","5578 9546 7067 0630","3"
"116","6761 4252 0038 9180","3"
"117","5610 0725 4493 6250","2"
"118","4913 8306 5256 3670","3"
"119","5100 1404 8629 4870","3"
"120","4041 5997 3113 6850","1"
"121","5440 6541 5300 7000","1"
"122","5602 2583 9425 3380","2"
"123","5602 2589 0299 3640","2"
"124","4405 4986 0502 6100","3"
"125","5602 2230 2156 8840","3"
"126","4175 0035 1739 8880","1"
"127","5108 7506 9019 1940","1"
"128","5108 7564 4225 0710","2"
"129","5602 2582 5410 8390","3"
"130","5602 2469 2286 9140","3"
"131","5602 2583 8943 3230","1"
"132","5346 3759 1778 1870","1"
"133","5007 6672 2724 6870","1"
"134","4041 5932 2243 6280","3"
"135","5352 8153 5384 8120","2"
"136","4017 9512 6519 9820","1"
"137","5602 2223 7906 4230","1"
"138","5591 4167 8322 9220","3"
"139","4041 3798 9213 5910","2"
"140","6763 6469 3321 2560","3"
"141","5100 1746 2235 4540","2"
"142","4844 8729 4649 2700","3"
"143","5610 6081 8066 2950","2"
"144","5602 2259 3875 0640","2"
"145","5602 2172 0954 7000","2"
"146","4017 9530 5731 3720","3"
"147","4913 0483 1049 9540","1"
"148","4017 9522 3648 1360","2"
"149","5602 2248 7970 0600","1"
"150","4041 3727 5059 5440","3"
"151","5602 2274 6492 1120","2"
"152","5602 2594 9553 1260","2"
"153","5100 1396 6546 1760","2"
"154","4041 3741 0162 6800","3"
"155","5038 4291 1862 0130","2"
"156","5610 9331 5145 0760","1"
"157","5602 2298 1245 8520","1"
"158","5100 1700 5272 2530","3"
"159","4026 6167 3718 3060","2"
"160","4175 0067 6932 2810","3"
"161","5143 1659 1448 3270","2"
"162","4917 6807 9149 3940","3"
"163","4917 6112 5292 0880","3"
"164","4913 6409 8455 8200","1"
"165","5893 6007 1615 3300","3"
"166","5242 6718 6093 4610","1"
"167","5602 2373 3358 4900","2"
"168","4844 0701 9347 9100","1"
"169","4017 9552 7026 0020","3"
"170","4508 9045 0560 4940","2"
"171","6304 7490 1591 8670","2"
"172","5020 4630 8128 9190","1"
"173","5610 8767 6998 3320","3"
"174","5602 2594 7422 6720","2"
"175","5602 2389 0752 6040","2"
"176","5246 7447 3513 5180","2"
"177","5018 9647 4468 1910","2"
"178","4041 3789 2869 9900","2"
"179","5100 1716 5856 4920","3"
"180","5007 6660 6396 7380","3"
"181","6304 1413 8294 5480","3"
"182","5100 1457 8692 7540","2"
"183","5192 9998 4744 9030","3"
"184","5512 9340 2463 2620","2"
"185","5007 6656 4189 0160","1"
"186","5602 2335 6913 7940","3"
"187","5602 2274 9139 6070","2"
"188","4917 8626 3813 8150","2"
"189","5602 2430 1720 1750","3"
"190","5602 2509 2664 9310","3"
"191","5175 0364 4712 5590","1"
"192","4175 0056 6410 2570","3"
"193","4026 1834 2744 3820","1"
"194","6763 9785 5780 7680","3"
"195","5048 3764 3999 9470","3"
"196","6304 9774 7120 1720","2"
"197","6759 9648 8770 9360","3"
"198","5602 2425 4181 5480","1"
"199","6763 6541 2719 3200","2"
"200","5602 2339 0319 0180","3"
"201","4017 9539 5651 6290","1"
"202","6762 3204 2276 6550","2"
"203","4041 3735 6196 0300","2"
"204","4913 3230 4010 6460","1"
"205","5602 2289 9168 4000","2"
"206","6759 9086 2377 0880","2"
"207","5186 7652 3077 5760","2"
"208","4041 3747 3847 9830","3"
"209","4917 1691 2172 3490","3"
"210","6759 3884 3317 8070","2"
"211","4917 5739 0269 1910","2"
"212","4917 0453 7501 9570","1"
"213","5020 7145 3795 9000","3"
"214","5002 3512 9603 6520","1"
"215","5602 2184 0085 9350","1"
"216","6761 1162 9321 3970","1"
"217","5007 6681 7060 6150","1"
"218","5100 1720 9209 0580","1"
"219","4041 5966 8878 2100","1"
"220","6761 9869 2768 3310","3"
"221","5602 2329 9708 7130","2"
"222","5007 6637 5911 4270","1"
"223","4917 4828 2403 8370","3"
"224","5355 7618 5185 7170","3"
"225","4041 3769 5846 8020","3"
"226","5602 2287 6069 0900","2"
"227","5602 2398 3510 7730","1"
"228","4026 0306 7708 1120","3"
"229","4405 2750 3856 8470","1"
"230","5602 2280 2414 7740","2"
"231","4913 5807 8666 2440","3"
"232","4017 9592 3740 4930","1"
"233","4405 9811 6618 5860","3"
"234","4508 6771 0057 4920","3"
"235","5602 2142 2981 1040","3"
"236","5106 6933 1694 8750","3"
"237","6044 3418 0579 8000","2"
"238","5893 4102 5495 9200","2"
"239","4017 9557 1866 7060","1"
"240","5602 2446 2021 0920","3"
"241","5602 2241 6251 9070","2"
"242","5602 2131 9370 7870","1"
"243","5602 2128 6154 2860","3"
"244","5610 7216 4943 3560","2"
"245","4175 0069 7754 0610","2"
"246","4844 4113 2013 4840","3"
"247","4844 1629 9033 0870","2"
"248","5602 2398 5692 4030","3"
"249","4274 9749 6654 9050","1"
"250","5100 1341 4419 8970","2"
"251","5893 1702 5342 3630","3"
"252","6759 8302 8288 2520","1"
"253","5108 7525 9279 6280","2"
"254","5427 4590 4529 3980","2"
"255","4175 0094 9198 4800","3"
"256","5602 2402 2334 4340","2"
"257","5893 7511 6092 2430","3"
"258","4017 9563 0623 0510","2"
"259","4508 8285 3860 3880","3"
"260","5602 2143 0860 6050","1"
"261","5108 7584 9230 7440","3"
"262","4832 3723 2043 4710","3"
"263","4041 3758 8820 1640","3"
"264","5010 1228 0702 6420","1"
"265","5602 2482 6103 9060","1"
"266","5271 7696 2778 6250","2"
"267","4041 5931 7902 8700","2"
"268","5602 2247 0517 5720","2"
"269","6304 6701 9148 6730","2"
"270","5602 2325 1082 3210","3"
"271","4041 3751 6402 8910","1"
"272","4913 7466 1645 6720","1"
"273","5610 4984 7769 5020","1"
"274","4451 6522 5982 1950","3"
"275","6763 0495 2282 0870","3"
"276","5100 1391 3551 2530","3"
"277","5007 6689 7937 1150","1"
"278","5048 3764 0934 8100","2"
"279","5602 2211 4080 3890","2"
"280","6048 3407 6171 6700","1"
"281","5602 2278 5980 2790","3"
"282","4041 3787 9848 9420","3"
"283","5474 0563 9964 9460","2"
"284","4844 4827 5493 8430","2"
"285","6044 8606 6277 0950","3"
"286","5038 9664 4128 9960","3"
"287","4844 3960 5450 4450","3"
"288","5602 2297 8057 0190","1"
"289","4844 3050 8231 6910","1"
"290","4913 1565 5839 1820","2"
"291","4405 2954 8322 1270","3"
"292","4041 5907 1886 2690","3"
"293","6761 7523 7191 3940","2"
"294","5038 6050 9426 9450","1"
"295","6759 2726 3838 3610","3"
"296","4175 0082 8528 7360","3"
"297","4722 2696 3990 8510","2"
"298","5602 2122 6028 1410","3"
"299","4917 3273 5625 7480","2"
"300","5020 6465 4108 3480","1"
"301","5602 2195 2664 0530","1"
"302","5602 2490 7806 6850","1"
"303","4917 4773 5837 3700","2"
"304","4405 5872 3657 2900","3"
"305","5602 2532 6748 3750","2"
"306","5610 0578 8661 3020","1"
"307","4917 4723 1361 7500","3"
"308","5007 6601 2929 1090","1"
"309","6761 1191 8996 7780","1"
"310","5010 1268 9953 1870","2"
"311","4467 0793 5720 9790","3"
"312","4405 3729 7036 3900","1"
"313","4175 0010 3621 0700","2"
"314","5893 3663 7857 2330","3"
"315","5108 7551 9561 9850","3"
"316","5048 3717 4026 3780","2"
"317","5100 1320 1960 5730","2"
"318","5108 7587 5963 9220","1"
"319","5893 4791 7981 4140","3"
"320","5002 3521 1122 8010","2"
"321","5602 2442 8573 3550","2"
"322","5002 3582 6875 4500","2"
"323","5602 2374 0581 3100","2"
"324","5020 3069 4727 3020","2"
"325","6763 1144 2646 1230","1"
"326","5048 3754 1064 4860","2"
"327","4517 1825 4716 3740","1"
"328","4405 8696 0971 6730","3"
"329","4508 3598 2347 0220","2"
"330","5010 1221 0844 9230","3"
"331","5038 1562 1443 4160","2"
"332","4017 9550 4578 0420","2"
"333","5602 2260 6446 0470","3"
"334","5602 2193 8979 5660","1"
"335","4508 5136 3865 0860","1"
"336","6049 2574 0070 3960","3"
"337","5100 1788 0086 1750","2"
"338","4017 9515 9352 7180","1"
"339","5602 2462 8007 7920","1"
"340","4917 4805 4968 7500","2"
"341","4427 1882 2980 6950","3"
"342","5116 5021 8147 3990","3"
"343","5610 3527 6293 0230","3"
"344","5374 8124 4990 6850","3"
"345","4684 5154 6116 6300","2"
"346","5010 1298 0910 7780","2"
"347","4917 1674 1881 1890","3"
"348","6761 1005 7051 1810","1"
"349","6763 9222 4830 8890","2"
"350","5893 4672 5498 7590","3"
"351","5444 1244 1039 7950","2"
"352","5020 3992 7284 1900","3"
"353","6759 6750 9146 2320","3"
"354","4017 9584 1539 8900","3"
"355","5602 2465 7591 4010","3"
"356","5048 3709 6762 0300","3"
"357","4026 0500 0009 9560","2"
"358","4917 0895 1002 1340","3"
"359","4017 9596 6513 4980","2"
"360","5602 2412 2890 2390","1"
"361","6763 0778 7140 4250","3"
"362","5602 2341 2757 2070","2"
"363","5602 2379 4974 0390","3"
"364","5002 3514 2698 5470","3"
"365","5602 2289 6917 4220","3"
"366","6043 6881 3250 6430","2"
"367","5007 6655 8421 3760","1"
"368","5610 0984 2272 6340","3"
"369","4017 9581 8834 5770","2"
"370","5100 1424 5579 8600","3"
"371","6763 0990 8905 3290","3"
"372","5450 5978 8551 9450","1"
"373","6762 8721 3344 8980","3"
"374","5007 6637 2434 4730","2"
"375","6763 5116 6250 0880","2"
"376","5007 6652 9989 9510","2"
"377","5100 1379 4860 8710","3"
"378","5038 9591 9318 7500","1"
"379","4454 7642 4722 2570","2"
"380","4917 1206 7068 1710","2"
"381","5602 2386 7290 8080","3"
"382","4917 3670 5508 3150","1"
"383","5602 2178 5482 1890","1"
"384","4041 5916 0065 5170","3"
"385","6304 0080 3736 9400","1"
"386","5610 4833 3699 2620","3"
"387","5190 2481 8661 5860","2"
"388","4041 3737 3341 0330","1"
"389","6045 8402 5669 0750","3"
"390","5007 6686 8957 7800","2"
"391","5100 1329 6010 7400","2"
"392","5602 2421 0354 5400","2"
"393","4508 5461 0842 2550","1"
"394","5602 2163 3195 8670","2"
"395","4041 3778 6817 6800","3"
"396","4913 6198 2559 1490","3"
"397","4405 0414 1625 5390","2"
"398","4844 3888 7799 0610","2"
"399","4041 5993 8689 8800","3"
"400","4017 9583 2422 6050","2"
"401","5007 6631 0683 4330","2"
"402","4175 0099 2957 1450","2"
"403","4844 5420 3979 4490","2"
"404","6761 5708 4760 7410","1"
"405","4405 9683 1708 2250","3"
"406","5048 3763 2352 7930","1"
"407","4917 9526 9663 5160","3"
"408","5018 1271 9876 4560","2"
"409","4405 4745 7492 7000","3"
"410","4508 4453 4738 9820","1"
"411","5227 6702 1653 0570","2"
"412","4917 8296 1024 5270","3"
"413","4913 9912 0230 6150","2"
"414","4405 7942 3832 5470","3"
"415","5602 2508 2775 0910","3"
"416","5602 2141 1377 3250","2"
"417","5602 2148 5639 0340","3"
"418","4508 3533 9169 2750","3"
"419","4844 0377 4553 8730","3"
"420","6044 0689 8265 1230","2"
"421","5350 5830 5687 5960","3"
"422","4913 2352 8305 8100","2"
"423","5100 1738 9756 3970","3"
"424","5038 5508 5031 1280","3"
"425","6762 9692 4127 8510","1"
"426","5893 3507 4907 4810","1"
"427","6762 4156 9345 6080","3"
"428","4175 0073 6761 4380","3"
"429","5602 2321 9190 3210","3"
"430","4041 5970 9974 2380","2"
"431","5602 2179 9982 1950","2"
"432","4041 5987 3849 2140","1"
"433","5234 9346 1875 1140","1"
"434","5010 1238 0136 3280","1"
"435","6048 5875 9827 6990","1"
"436","6759 3579 2974 4440","3"
"437","5602 2520 4019 5030","1"
"438","4026 1275 8172 7880","2"
"439","6304 4354 6775 4560","1"
"440","5602 2259 7329 2430","2"
"441","5048 3780 5273 5790","2"
"442","5602 2278 9757 6280","1"
"443","4175 0096 5576 3460","1"
"444","4026 5457 8928 4870","3"
"445","5602 2312 3840 4950","2"
"446","5602 2307 2260 7340","2"
"447","4041 5995 5154 0750","2"
"448","5002 3572 1398 7940","1"
"449","5602 2497 7010 8170","2"
"450","5602 2575 1639 4260","1"
"451","6761 4589 6329 5270","3"
"452","5602 2201 8844 3740","1"
"453","5602 2353 3352 7860","1"
"454","5602 2287 7177 6840","1"
"455","5424 9457 3544 7040","3"
"456","5048 3705 6791 2220","1"
"457","5602 2372 7836 8190","3"
"458","5018 7376 3360 3060","2"
"459","5100 1789 4543 1970","1"
"460","5020 9746 6273 4290","3"
"461","4844 2654 3005 7080","3"
"462","5100 1318 5236 6830","1"
"463","4844 7495 9741 6710","2"
"464","4041 3764 8101 3640","3"
"465","4913 4798 1542 8670","2"
"466","5002 3554 1618 9860","3"
"467","4917 5638 1762 5880","2"
"468","5020 6275 7473 3790","3"
"469","4134 5757 3111 5720","3"
"470","4917 9992 2031 1390","2"
"471","5610 0286 5539 9660","2"
"472","5602 2320 9944 3660","3"
"473","4405 5655 7553 3600","3"
"474","5893 6291 0152 7760","2"
"475","5602 2382 0953 9050","2"
"476","5610 9577 0279 2740","2"
"477","5048 3725 4353 9820","3"
"478","5489 8922 0127 5380","3"
"479","4501 7954 3805 4690","2"
"480","4405 6663 6256 3120","2"
"481","5602 2477 5326 3180","2"
"482","4175 0055 3785 3640","2"
"483","4041 5930 2434 0360","2"
"484","5048 3739 2980 2640","1"
"485","5610 5522 7184 5450","1"
"486","5602 2230 4777 5340","2"
"487","6048 3612 5717 3170","3"
"488","4405 7999 1898 1990","3"
"489","4508 5271 5913 3350","1"
"490","5002 3521 6307 0410","2"
"491","5010 1262 5984 2460","2"
"492","4026 6633 7084 9940","2"
"493","5100 1796 2224 5790","1"
"494","4431 3279 3689 4990","2"
"495","5610 6381 4252 7160","2"
"496","4844 8589 4837 5090","1"
"497","5610 6888 8263 9030","1"
"498","6759 7505 6352 8160","1"
"499","6761 5641 8057 2220","3"
"500","5602 2267 1654 6080","1"
"501","4017 9513 4437 3380","3"
"502","4041 5939 7046 3660","3"
"503","5038 6210 2493 8400","3"
"504","5002 3596 2448 6700","3"
"505","5602 2413 2214 5250","1"
"506","4508 9421 6312 6130","2"
"507","5100 1323 2664 0960","3"
"508","5020 5811 9601 8220","1"
"509","6304 7691 8819 3700","1"
"510","6763 0083 4751 8840","2"
"511","5002 3509 3354 9660","2"
"512","5602 2234 0196 6810","1"
"513","6304 9430 0784 1660","2"
"514","5602 2271 2698 9100","2"
"515","4844 7257 8129 7480","1"
"516","4041 5972 0207 2810","1"
"517","5610 7623 2929 6020","3"
"518","5602 2466 5256 7460","1"
"519","6761 2692 8707 4500","3"
"520","4330 7236 1576 1160","3"
"521","4026 1565 0925 1250","3"
"522","5007 6616 2251 6960","2"
"523","6044 1601 7003 7620","3"
"524","4444 3268 8590 5920","1"
"525","6304 0115 2514 0240","3"
"526","5010 1270 9301 2600","2"
"527","5602 2175 6272 9880","3"
"528","5893 3646 9618 2510","3"
"529","5602 2373 2719 4980","3"
"530","5157 0313 3800 3530","1"
"531","4844 4096 2482 9760","2"
"532","5562 7543 3826 3990","1"
"533","5048 3765 0565 9230","1"
"534","5602 2166 5164 6100","2"
"535","4917 3336 3244 5500","3"
"536","5602 2567 0052 5400","3"
"537","4405 2978 5611 9530","1"
"538","4844 7839 4664 7040","2"
"539","5602 2183 3008 5940","3"
"540","5893 6853 7096 6120","3"
"541","5100 1392 8392 9700","2"
"542","6304 6450 2443 0170","1"
"543","5602 2280 2911 4860","2"
"544","5038 8491 4909 8880","3"
"545","5513 3687 5028 3770","2"
"546","5602 2562 1552 7700","2"
"547","5309 1951 0763 0190","3"
"548","4405 1431 2178 2230","2"
"549","5363 5664 9869 8360","1"
"550","4405 6837 4168 9610","2"
"551","6761 4983 7789 8630","1"
"552","4508 3492 9019 9020","3"
"553","5602 2537 4558 4890","1"
"554","5100 1382 5375 9740","1"
"555","6047 6220 5235 8000","2"
"556","6759 1911 9538 5180","2"
"557","5602 2502 6955 3770","3"
"558","4478 1045 4898 1010","3"
"559","4405 3711 4240 3080","2"
"560","4041 3715 4337 3800","2"
"561","6761 9402 1027 3260","3"
"562","4041 5993 0176 9040","3"
"563","4508 7842 7634 3550","3"
"564","6763 5749 9087 0860","3"
"565","5020 6649 1161 9330","1"
"566","5602 2544 9594 8330","1"
"567","4405 5652 1032 1430","2"
"568","5610 9546 0798 5510","1"
"569","4844 4881 5284 8870","3"
"570","4386 0210 0057 2120","3"
"571","5602 2388 6149 7230","2"
"572","5602 2599 8778 0100","1"
"573","6304 8783 9607 7630","3"
"574","4175 0049 2370 2880","1"
"575","4026 4985 8921 7100","1"
"576","5007 6642 2426 3030","1"
"577","5610 7384 1283 9300","3"
"578","5010 1298 8596 1920","2"
"579","5602 2409 9687 5580","3"
"580","5893 5201 8257 5140","2"
"581","4405 7019 1814 1060","1"
"582","6761 0282 4815 8050","2"
"583","5100 1716 4688 1740","3"
"584","4405 7979 0690 3080","1"
"585","4917 4624 2062 9870","3"
"586","5018 2113 0495 1030","2"
"587","4913 2978 9510 5190","3"
"588","5048 3735 7416 1410","2"
"589","4405 5877 1677 5750","2"
"590","4026 0224 4782 4710","2"
"591","5602 2178 1176 1310","1"
"592","4508 0999 4235 8010","2"
"593","5459 5783 3352 8490","3"
"594","5602 2597 3454 0940","3"
"595","5100 1356 2686 8520","3"
"596","5602 2572 4425 3800","2"
"597","5602 2591 1380 1480","1"
"598","5602 2503 5580 7290","3"
"599","5602 2399 4665 0530","3"
"600","5562 4118 1935 1110","1"
"601","4807 6103 7758 7020","1"
"602","5610 2510 5774 5230","3"
"603","5602 2505 7281 9470","2"
"604","5602 2241 2742 0930","3"
"605","5007 6699 0686 0730","1"
"606","5602 2242 6291 6890","2"
"607","5020 3815 6835 5160","2"
"608","5002 3545 6504 7590","2"
"609","5610 4252 2617 6290","3"
"610","5010 1207 6384 7380","3"
"611","4026 3558 8228 4300","3"
"612","4017 9575 9071 2070","3"
"613","5610 3888 7968 2460","2"
"614","5340 9830 3638 3320","1"
"615","4041 3772 3416 5760","2"
"616","6304 8914 4187 8460","3"
"617","5150 3632 9564 7880","1"
"618","5602 2598 7143 9220","3"
"619","4844 2944 9986 8750","3"
"620","6763 9919 0836 6230","2"
"621","5584 3157 2356 9490","3"
"622","5602 2129 4691 8650","1"
"623","4913 5404 5878 0500","3"
"624","4844 5859 0294 2100","3"
"625","6304 0243 7171 7090","2"
"626","5602 2494 5270 3980","2"
"627","6763 1792 1605 3550","2"
"628","6759 1688 9538 1560","1"
"629","4017 9514 8105 5170","3"
"630","5602 2176 1647 6550","1"
"631","5340 0988 6659 3590","1"
"632","4017 9597 5272 7420","3"
"633","6759 1257 3281 5760","1"
"634","5145 9604 7940 4150","2"
"635","5048 3720 3835 5030","3"
"636","4295 4160 0990 4910","1"
"637","5018 6094 5894 7500","3"
"638","4404 5683 3965 5530","2"
"639","5602 2279 8056 0630","1"
"640","5602 2498 5218 0040","2"
"641","6763 8970 7193 9020","2"
"642","5108 7563 5148 9130","1"
"643","4913 2571 4422 1380","2"
"644","4175 0039 4498 7660","2"
"645","6761 7063 9197 2850","3"
"646","6331 1014 1453 9000","3"
"647","6761 7172 7608 5630","3"
"648","5602 2507 4801 3480","3"
"649","4913 8775 2128 9690","1"
"650","5602 2119 0052 7500","1"
"651","3546 4284 7828 1530","2"
"652","3561 1225 0947 2490","1"
"653","5108 7533 0749 5010","1"
"654","3557 1799 6420 7020","1"
"655","3561 2272 3061 7730","2"
"656","5610 1205 5392 6420","1"
"657","3560 5876 9947 4390","3"
"658","3556 0626 5439 0970","3"
"659","5602 2553 6264 0720","2"
"660","3577 1936 8745 4370","3"
"661","3586 8755 5920 5470","2"
"662","4017 9517 1384 5700","3"
"663","6762 5908 0348 8440","3"
"664","5893 7897 0519 7320","1"
"665","3586 9460 0810 5400","2"
"666","5048 3768 4487 5880","1"
"667","3582 6489 1917 0210","2"
"668","3530 9961 6292 9390","2"
"669","4844 9807 8449 1400","1"
"670","5602 2234 0085 8420","2"
"671","4913 6796 8187 7500","2"
"672","5602 2258 6719 2780","2"
"673","6761 2572 4312 1620","3"
"674","3530 1236 0614 5870","2"
"675","4913 3534 8318 6240","2"
"676","3571 6740 0491 6840","2"
"677","3533 4834 6587 4630","3"
"678","6762 6814 5058 7350","2"
"679","5610 4907 4349 1810","2"
"680","5641 8248 9706 0800","3"
"681","3559 3822 3894 9670","1"
"682","5048 3764 1329 9910","1"
"683","6040 0987 2351 4840","1"
"684","5602 2356 7640 6770","1"
"685","4903 3926 8484 5070","3"
"686","5210 1929 7305 5490","2"
"687","5602 2471 4871 0290","1"
"688","4508 9497 4776 5170","3"
"689","3547 2527 2011 8030","3"
"690","3584 9373 3513 7250","1"
"691","5583 3521 7545 7210","2"
"692","6334 8294 3843 6400","2"
"693","6385 8879 9380 0140","1"
"694","4913 9574 3417 1250","3"
"695","3565 1628 7459 8390","1"
"696","3573 7867 7636 3870","1"
"697","4913 2677 5180 7340","2"
"698","4913 2506 7226 0100","3"
"699","6399 3581 3416 5340","1"
"700","3563 7051 7668 9800","2"
"701","3547 3362 9421 6020","2"
"702","6304 2243 5650 7500","1"
"703","3563 9889 2785 1670","3"
"704","4764 6457 9381 6640","2"
"705","3566 1667 8927 8340","3"
"706","4041 5912 4271 6800","1"
"707","3533 1833 7446 7980","2"
"708","5602 2514 1749 2790","3"
"709","5010 1223 6534 3530","2"
"710","3567 4221 4411 4650","2"
"711","5002 3565 3502 9280","3"
"712","5295 9246 2220 9310","3"
"713","5283 4518 8942 8240","2"
"714","5100 1302 9391 7560","2"
"715","6334 2993 9871 3330","3"
"716","5119 5866 2647 2170","3"
"717","4041 5938 3928 4320","1"
"718","3560 3551 3676 0550","3"
"719","6762 0331 9912 6010","3"
"720","5602 2373 3760 6930","3"
"721","5550 2196 4447 4200","3"
"722","5100 1479 6516 1600","1"
"723","5342 8851 7683 9710","2"
"724","3581 8509 9242 7670","3"
"725","4041 3720 8499 9870","3"
"726","3540 1138 5155 2290","1"
"727","3553 8465 7553 7340","1"
"728","5602 2176 4101 3450","2"
"729","5602 2534 1929 0560","3"
"730","5010 1223 4100 3240","3"
"731","5602 2161 6102 7260","3"
"732","3573 9626 1022 6240","2"
"733","5546 1658 1711 7030","2"
"734","6047 7824 3294 8030","2"
"735","4936 5264 3973 2390","2"
"736","5160 3291 7733 3220","3"
"737","5610 1476 8650 7580","1"
"738","3577 2040 6055 6850","3"
"739","3531 0993 7040 4590","3"
"740","5527 0822 9537 5970","3"
"741","4917 6847 1024 8340","2"
"742","6304 6709 8016 2320","2"
"743","3528 4765 1290 0550","2"
"744","4913 1569 0789 7610","2"
"745","4647 4964 1865 4950","2"
"746","5425 1800 5062 8360","3"
"747","3531 0110 4310 0580","2"
"748","5229 7129 0684 3580","3"
"749","4175 0089 4427 5140","3"
"750","5587 7862 1075 8530","2"
"751","3563 9136 2521 7370","3"
"752","5610 7020 7062 8040","1"
"753","5602 2378 7591 6290","1"
"754","3538 3149 1974 7620","2"
"755","3531 8506 1109 1470","1"
"756","5587 1329 7473 3070","3"
"757","6304 4310 3205 1110","2"
"758","4844 4491 3483 1170","2"
"759","3574 6711 8289 0610","3"
"760","5602 2367 7398 0570","2"
"761","3558 1478 4138 1710","1"
"762","4844 7385 0479 2560","2"
"763","6763 2281 4611 5010","2"
"764","5108 7587 9129 6510","1"
"765","3528 6858 0591 0050","3"
"766","5508 6948 7464 9300","1"
"767","3582 5128 5157 3270","3"
"768","3533 7415 7054 8620","3"
"769","3554 0678 2673 6050","2"
"770","4026 8016 2266 6250","3"
"771","3589 0701 4847 5060","3"
"772","3567 4897 4712 5020","2"
"773","5602 2220 0381 3660","2"
"774","3578 0941 9710 2440","1"
"775","3539 8785 1452 3630","1"
"776","5020 7753 6131 5870","2"
"777","4041 3795 6170 6210","2"
"778","5038 7245 8005 1970","3"
"779","4913 4626 0573 9810","2"
"780","5454 1506 6713 2340","1"
"781","5513 2817 5906 3880","3"
"782","5602 2548 8864 5700","3"
"783","3578 3267 9796 1020","3"
"784","5002 3597 7256 4500","2"
"785","3583 5270 2125 6270","1"
"786","4026 0330 0173 6530","2"
"787","3581 8742 5414 5190","1"
"788","3578 3715 5992 4720","2"
"789","3535 7477 9506 1880","3"
"790","5100 1763 0840 7130","3"
"791","6759 3735 2418 6810","2"
"792","3556 2249 8244 0150","2"
"793","6049 2785 5988 0330","1"
"794","4844 8958 5430 2900","2"
"795","5602 2262 1858 7540","2"
"796","3531 2272 6707 6320","1"
"797","3579 0553 7153 6610","1"
"798","4913 3327 6970 2860","2"
"799","5018 5786 8987 0770","2"
"800","3554 5207 0469 1240","3"
"801","3573 4553 6914 9340","1"
"802","5266 5021 0539 2920","1"
"803","6333 8130 5692 1600","1"
"804","3566 2592 1175 2520","2"
"805","4041 3773 4411 4300","2"
"806","5352 4435 2271 3760","2"
"807","4905 7818 6593 4040","2"
"808","4026 2535 0911 2710","3"
"809","5602 2199 1877 3240","1"
"810","3564 9238 2420 2480","3"
"811","6045 0011 7479 2000","3"
"812","5584 6267 4436 4530","2"
"813","6331 1017 3722 2740","3"
"814","5602 2319 6174 4140","3"
"815","3533 3013 2585 7660","3"
"816","3551 2215 4849 7200","1"
"817","5228 5972 1692 8140","2"
"818","5610 4145 2306 8830","2"
"819","3560 6982 0155 8650","1"
"820","3537 4143 9962 1830","2"
"821","5007 6694 3305 0660","2"
"822","3548 4499 4029 6130","1"
"823","3539 0589 2223 1170","3"
"824","4911 9460 7242 3450","3"
"825","5515 5022 6463 5030","3"
"826","5048 3747 6645 9470","3"
"827","3538 7427 3351 1990","3"
"828","6386 5708 5966 1320","2"
"829","3561 9866 1306 6060","2"
"830","3563 8620 8334 6050","2"
"831","3569 5197 2565 4660","2"
"832","3587 6033 8927 7600","3"
"833","4844 0030 6035 1950","3"
"834","5602 2506 7403 6830","3"
"835","5018 9192 8330 4940","2"
"836","5602 2486 4978 8140","3"
"837","5018 9140 9601 6160","1"
"838","3558 7053 9543 1540","2"
"839","6333 1914 5913 9910","1"
"840","6763 1056 6835 1760","3"
"841","4175 0035 4156 1260","2"
"842","5002 3581 5389 7390","1"
"843","4041 5934 8978 8530","2"
"844","6304 7756 0182 0260","2"
"845","4175 0089 3555 8890","1"
"846","4017 9567 7982 3260","2"
"847","3589 8777 9806 4920","1"
"848","3572 1063 0070 8440","2"
"849","5610 9752 3708 6730","1"
"850","5602 2208 1182 8670","3"
"851","3569 0276 9587 3450","1"
"852","5893 0649 9652 7230","3"
"853","6763 2267 5705 6680","2"
"854","6375 7701 7522 6660","2"
"855","3566 0212 6164 0200","3"
"856","3569 9974 9629 1550","1"
"857","5536 2257 7329 2170","3"
"858","5893 2721 5033 5360","1"
"859","5108 7567 3136 6310","2"
"860","5146 8669 6372 9920","1"
"861","3532 0480 2228 4150","3"
"862","5602 2545 5489 6370","2"
"863","6762 6140 8149 2820","3"
"864","3571 5131 6034 2020","3"
"865","3538 7975 6597 6910","2"
"866","3587 9638 7184 9590","2"
"867","3530 1632 9895 7890","1"
"868","5470 5731 8904 1660","1"
"869","5020 2635 3405 0900","1"
"870","4508 7017 5681 5090","3"
"871","3541 9740 8279 1460","3"
"872","5018 6858 2662 7110","3"
"873","4508 1853 9173 7910","1"
"874","3532 9611 4899 6100","1"
"875","5018 1057 1569 1950","3"
"876","4905 1428 2357 1870","1"
"877","5602 2158 3697 6920","2"
"878","5602 2360 0129 8310","3"
"879","4844 0219 6950 7940","1"
"880","5010 1265 2616 3650","1"
"881","5602 2479 7713 2650","2"
"882","4041 5902 8046 0260","1"
"883","3790 3061 3599 6460","1"
"884","3540 9498 4685 7450","1"
"885","3533 6252 3788 8760","2"
"886","3583 3273 6986 5440","2"
"887","6041 8725 6365 6880","1"
"888","3548 9388 4485 7680","2"
"889","5010 1260 7570 7640","3"
"890","5610 1511 1683 6060","1"
"891","3545 7960 4219 4270","3"
"892","6376 2820 9988 3740","2"
"893","5100 1396 5542 9990","3"
"894","5143 4923 7413 5880","3"
"895","3555 7141 8960 7150","1"
"896","3545 1032 7855 1860","2"
"897","5038 8224 9613 6650","1"
"898","3573 6594 5308 8220","3"
"899","4041 5960 8427 6660","3"
"900","3564 7164 5821 6790","3"
"901","5018 3574 7994 6120","3"
"902","5602 2236 2768 3070","1"
"903","5602 2139 4661 0080","2"
"904","5602 2492 3236 4090","2"
"905","3540 0008 5096 8400","2"
"906","3536 8427 2897 6660","3"
"907","5602 2115 6109 5610","3"
"908","4041 3766 3503 1100","2"
"909","3529 5664 5588 1830","1"
"910","3583 0003 0165 8410","2"
"911","3561 1597 5902 1590","1"
"912","3549 8410 8919 5650","3"
"913","4917 8052 8300 0820","2"
"914","5602 2195 9336 8330","2"
"915","4913 2305 8915 8210","2"
"916","3571 9471 3119 4600","2"
"917","6759 2911 5621 5400","3"
"918","6709 8217 6179 8990","3"
"919","5421 4407 7383 7440","2"
"920","5610 2042 5676 8960","2"
"921","5602 2430 1178 3560","1"
"922","3565 8031 4922 4170","2"
"923","6334 8502 4934 9250","2"
"924","5588 4514 6506 1530","2"
"925","5131 2713 3210 7410","3"
"926","6304 1428 1123 0300","3"
"927","5602 2262 3321 3800","1"
"928","5602 2531 2826 0920","3"
"929","3565 2993 2474 9310","3"
"930","5602 2139 4626 1330","2"
"931","5602 2166 6729 1990","3"
"932","3550 6557 8929 3030","2"
"933","4405 5810 9759 9200","1"
"934","6762 5651 9638 6310","1"
"935","3558 5038 4914 9570","3"
"936","6333 9603 6763 2440","2"
"937","5602 2545 5035 1260","3"
"938","5540 6239 0329 7340","1"
"939","3565 1527 9648 7870","3"
"940","5602 2126 8424 5440","1"
"941","5106 0252 5601 3470","1"
"942","4041 3761 2256 9380","3"
"943","5602 2538 0501 3380","2"
"944","3587 8930 8300 2270","1"
"945","6767 6032 4902 9390","2"
"946","3556 2073 8415 3310","2"
"947","5100 1419 3749 4950","2"
"948","3572 0461 9843 4200","1"
"949","6762 7457 8489 9240","2"
"950","3541 6292 4743 0590","3"
"951","5602 2147 6895 6920","3"
"952","6043 0406 2412 4820","3"
"953","6044 5533 7124 0210","1"
"954","6763 6581 7141 2900","3"
"955","6763 3775 4686 7920","3"
"956","4405 6293 5131 0920","3"
"957","5108 7549 1417 1350","3"
"958","4026 6720 2554 0570","1"
"959","6706 1778 7730 8430","1"
"960","6381 0873 2239 3280","1"
"961","3544 2315 1230 5850","1"
"962","5602 2594 3398 9490","2"
"963","4917 6668 6520 4370","2"
"964","3550 6022 5180 1540","1"
"965","5511 9831 6702 7130","2"
"966","6761 1922 4364 7810","1"
"967","6040 5302 7595 6970","2"
"968","5108 7512 0927 9240","1"
"969","3564 1164 2791 7100","3"
"970","3541 6008 8102 9890","3"
"971","3574 6562 4022 3930","3"
"972","3542 2158 6619 3870","3"
"973","5515 8243 8600 4670","2"
"974","3539 0372 4929 7120","2"
"975","3565 8769 3085 8240","3"
"976","5602 2514 2529 3790","3"
"977","6771 6234 6761 0380","1"
"978","3555 3815 5749 2940","3"
"979","5359 8501 0461 1290","1"
"980","5602 2552 3505 6410","3"
"981","5038 2584 1287 7350","3"
"982","5610 6514 2125 0770","3"
"983","3541 7020 5024 8880","2"
"984","3540 4005 9383 7940","3"
"985","4448 3797 9419 7160","2"
"986","3555 1571 2180 0410","1"
"987","5007 6629 3517 0650","2"
"988","5602 2332 8165 5320","1"
"989","4844 2208 1505 4930","3"
"990","4936 8032 7972 2850","1"
"991","3578 3434 6645 1520","3"
"992","4994 0628 0282 6590","3"
"993","5575 7429 0949 1490","2"
"994","5100 1327 3270 4320","3"
"995","5002 3537 4467 3100","3"
"996","5100 1421 5168 0870","1"
"997","5368 9389 4452 7440","1"
"998","5108 7505 2148 1940","2"
"999","5100 1464 2048 6850","3"
"1000","4508 6844 7163 3920","3"
"1001","5010 1242 5933 9430","1"
"1002","4508 6124 5485 4530","2"
"1003","5500 5469 8707 0900","2"
"1004","5610 8616 1415 6900","3"
"1005","4175 0091 7093 1340","2"
"1006","5175 1179 0264 8590","2"
"1007","5602 2267 7318 2200","2"
"1008","5282 2750 8921 5140","3"
"1009","5528 5430 0305 4070","2"
"1010","5602 2183 9401 6830","2"
"1011","5602 2443 6761 2810","1"
"1012","4405 2659 0330 3300","2"
"1013","4844 2663 9458 2210","3"
"1014","5602 2409 0594 9530","1"
"1015","5602 2549 7019 9810","3"
"1016","5610 1622 3092 0600","2"
"1017","4508 8126 0679 0850","2"
"1018","5108 7503 1692 0020","1"
"1019","5602 2406 5192 9210","2"
"1020","5602 2461 9560 1870","1"
"1021","4041 3763 3555 1450","3"
"1022","4508 3201 8485 1670","3"
"1023","5602 2566 2607 4370","1"
"1024","5602 2508 9332 4360","2"
"1025","5602 2137 3448 9540","3"
"1026","5007 6602 9578 2790","3"
"1027","5100 1382 5791 2370","2"
"1028","5602 2547 9230 6060","3"
"1029","4017 9588 1330 5190","3"
"1030","5007 6640 9655 1270","1"
"1031","4532 3983 7710 2620","2"
"1032","5100 1496 9153 2460","1"
"1033","4913 7978 2186 1210","1"
"1034","4041 5910 2522 0770","2"
"1035","5610 7353 3827 1900","3"
"1036","4017 9595 7691 6600","3"
"1037","5100 1440 8343 5370","1"
"1038","5602 2218 1862 4880","2"
"1039","4844 5447 9635 2940","3"
"1040","5163 6039 3052 2780","2"
"1041","5602 2470 4086 7720","1"
"1042","5602 2525 8405 1100","1"
"1043","5100 1777 2241 7460","2"
"1044","4917 4782 9861 1160","1"
"1045","5602 2183 3556 2950","1"
"1046","4041 5996 9859 2640","3"
"1047","5516 4994 2345 3130","1"
"1048","5610 4409 2690 5140","3"
"1049","5602 2139 7041 0640","3"
"1050","4405 4928 1684 2720","3"
"1051","5100 1407 6799 3370","1"
"1052","4394 4784 9108 0280","1"
"1053","4041 3755 1655 1730","2"
"1054","5602 2539 3996 6920","2"
"1055","5100 1755 8266 0180","2"
"1056","5602 2576 9250 0550","1"
"1057","5602 2388 6239 5170","3"
"1058","4017 9549 8839 6820","3"
"1059","4041 5997 4060 6420","3"
"1060","5532 8927 9946 7080","2"
"1061","4917 3343 4676 0780","3"
"1062","4508 4138 1231 9530","3"
"1063","4508 7792 1128 3100","2"
"1064","5602 2365 2668 3260","3"
"1065","5602 2319 1425 9350","1"
"1066","4508 8162 8549 3180","2"
"1067","5602 2287 2216 5660","1"
"1068","4041 5993 6969 6240","3"
"1069","5602 2139 6668 3300","2"
"1070","4405 1579 1924 6180","2"
"1071","5602 2371 6203 3320","3"
"1072","4041 3785 2481 5190","2"
"1073","4917 4447 4813 7480","2"
"1074","4026 5773 3290 9300","1"
"1075","5602 2250 5073 4890","3"
"1076","5307 2830 5287 4760","3"
"1077","4844 1034 4101 4260","3"
"1078","5610 0350 2858 2240","3"
"1079","5254 5992 0330 5880","2"
"1080","4844 2333 5595 4300","1"
"1081","5353 5400 2150 0650","1"
"1082","4405 4147 8292 5440","3"
"1083","4026 3810 4933 4530","2"
"1084","5602 2296 8955 6350","1"
"1085","5602 2209 4175 0740","2"
"1086","5602 2409 3488 0980","2"
"1087","5602 2113 0239 6520","1"
"1088","5179 1156 5565 3810","3"
"1089","4041 5952 4517 2910","3"
"1090","5100 1712 8628 7540","3"
"1091","4041 3746 3038 7880","1"
"1092","5610 9838 1718 7670","1"
"1093","5113 5523 9075 0750","3"
"1094","4175 0019 2644 3140","3"
"1095","5100 1355 1917 9870","1"
"1096","5602 2251 2903 4590","3"
"1097","5382 4551 3480 3690","1"
"1098","5602 2118 0782 1120","1"
"1099","4041 3754 8733 5210","3"
"1100","5208 3021 1565 6450","1"
"1101","4508 0701 6146 6690","2"
"1102","5100 1445 7915 3180","2"
"1103","4017 9516 2256 7090","1"
"1104","4175 0063 7909 4290","1"
"1105","5610 5175 6230 7370","1"
"1106","4586 5515 0727 3670","2"
"1107","5545 0536 3789 1300","2"
"1108","5007 6607 6650 7550","3"
"1109","5010 1214 8655 2910","1"
"1110","4405 7449 4641 8310","2"
"1111","4232 6993 1149 4740","2"
"1112","4017 9551 7797 4750","2"
"1113","5602 2357 1870 9270","1"
"1114","5100 1740 7951 9090","1"
"1115","5602 2181 7943 0110","3"
"1116","5427 2849 7687 6770","3"
"1117","5602 2130 5123 4720","2"
"1118","5100 1779 8743 0030","3"
"1119","5108 7595 9788 0260","3"
"1120","5602 2364 7178 8240","1"
"1121","4041 5983 7177 2750","1"
"1122","5610 1910 6948 0550","2"
"1123","5467 2056 5127 2150","2"
"1124","5007 6623 2528 4840","3"
"1125","5211 4319 1134 7540","3"
"1126","4041 5946 5743 1540","1"
"1127","4405 8026 4008 7740","1"
"1128","5602 2465 9039 4990","2"
"1129","4041 5999 2442 7720","3"
"1130","5354 8623 7897 1020","3"
"1131","5137 6303 4985 6090","1"
"1132","4017 9512 4257 3600","1"
"1133","4405 9415 3128 2420","1"
"1134","4041 3778 0864 1410","3"
"1135","4041 3747 8538 6070","2"
"1136","4017 9583 1202 6640","1"
"1137","5570 8971 2700 2850","1"
"1138","4550 3296 2708 4260","3"
"1139","4844 3459 3410 4460","2"
"1140","4405 0185 3773 9740","3"
"1141","5602 2469 7768 6340","2"
"1142","5602 2173 4588 7670","3"
"1143","5108 7575 9264 2100","2"
"1144","5100 1389 3631 5480","2"
"1145","5602 2392 1266 7520","2"
"1146","5602 2240 9528 1990","3"
"1147","4405 2511 4542 6140","1"
"1148","5602 2545 3927 9190","2"
"1149","5602 2109 7330 6230","1"
"1150","5602 2343 7799 7780","3"
"1151","5383 1537 3649 4400","2"
"1152","4017 9569 4151 2230","2"
"1153","5602 2536 4404 6790","2"
"1154","4770 4838 6953 2940","3"
"1155","5602 2182 0651 4080","2"
"1156","5240 4153 0752 5050","1"
"1157","4017 9585 7927 1330","1"
"1158","4017 9546 3503 4840","3"
"1159","5602 2452 2676 8480","2"
"1160","4508 8728 8911 5910","3"
"1161","5108 7550 1999 2010","2"
"1162","5602 2537 4470 2780","3"
"1163","5602 2438 7876 3400","3"
"1164","4917 3205 3686 4450","1"
"1165","4661 6823 3257 3880","3"
"1166","5602 2139 6717 6590","1"
"1167","4844 4457 9626 9370","2"
"1168","4917 7896 3677 4420","1"
"1169","4175 0060 5156 8750","3"
"1170","4508 2608 3914 9420","2"
"1171","5010 1236 3350 7810","2"
"1172","4917 7088 1765 5340","1"
"1173","4913 3833 5354 4780","3"
"1174","4175 0006 1618 0460","2"
"1175","5602 2125 3055 6480","2"
"1176","4508 3849 8596 9770","2"
"1177","4017 9548 0267 6880","2"
"1178","5522 7168 8383 9600","2"
"1179","4429 6301 0724 3930","3"
"1180","5602 2149 8890 2420","3"
"1181","4017 9559 5990 6400","3"
"1182","5602 2296 7194 4130","2"
"1183","5100 1327 5907 5990","3"
"1184","5010 1248 5764 4050","2"
"1185","4026 6662 0447 0740","1"
"1186","4363 7607 3956 4950","3"
"1187","5610 6502 0493 8640","2"
"1188","5458 6747 3064 9750","2"
"1189","4685 2259 6921 3800","3"
"1190","4150 4660 0922 4360","3"
"1191","5602 2479 5599 5580","1"
"1192","5007 6617 2312 8860","3"
"1193","5602 2260 8951 7710","1"
"1194","4026 8139 1064 6130","3"
"1195","4917 3778 5108 1340","3"
"1196","5602 2530 8943 5200","2"
"1197","4405 3356 5756 0890","3"
"1198","4041 3736 5256 7650","1"
"1199","5108 7556 3299 6470","2"
"1200","4917 0095 1141 3180","3"
"1201","4405 5505 0138 3780","1"
"1202","4913 5859 3996 2240","2"
"1203","5374 6749 4166 8300","2"
"1204","4026 4044 8908 7890","1"
"1205","5602 2514 3503 1220","2"
"1206","5397 1418 6603 6350","2"
"1207","5610 0161 3392 5770","2"
"1208","4017 9512 0439 4130","3"
"1209","4405 7654 6917 9130","3"
"1210","5602 2455 2398 7490","2"
"1211","5602 2243 2447 9860","2"
"1212","4508 5578 8592 9640","1"
"1213","5189 9006 3227 1380","3"
"1214","4844 9606 3724 8170","1"
"1215","4913 6609 7600 3700","1"
"1216","4175 0016 5885 3690","1"
"1217","5610 3549 6972 8720","1"
"1218","4026 6264 7608 9790","1"
"1219","4026 1373 4105 4790","1"
"1220","4917 4575 0443 2340","3"
"1221","5610 8619 0792 7300","2"
"1222","5602 2138 2384 2590","1"
"1223","5378 5620 6541 3660","3"
"1224","5108 7582 3438 6420","3"
"1225","5602 2562 4249 6550","3"
"1226","4913 0098 9358 1270","2"
"1227","5602 2556 7940 7160","1"
"1228","5602 2145 2929 2460","3"
"1229","4844 5732 3405 0070","1"
"1230","4840 0904 9564 4320","2"
"1231","5306 9498 7048 0510","3"
"1232","5602 2260 2587 8150","1"
"1233","4026 0466 8440 2310","3"
"1234","5100 1717 7596 9140","3"
"1235","5048 3720 7581 2710","3"
"1236","5610 2387 8945 1260","3"
"1237","4422 2423 1011 8150","2"
"1238","5602 2361 6921 6760","2"
"1239","5602 2287 1011 4770","1"
"1240","4026 5902 0500 5620","3"
"1241","5048 3749 3950 6940","2"
"1242","4844 1873 1048 9060","1"
"1243","5007 6661 5156 0510","3"
"1244","5443 6813 9129 1430","2"
"1245","5602 2559 7009 7330","2"
"1246","5602 2141 3009 6470","3"
"1247","4026 1973 6003 6710","2"
"1248","4041 5993 8426 0600","3"
"1249","5048 3740 9644 2810","1"
"1250","4640 8840 8808 4680","2"
"1251","4913 2256 5966 0570","3"
"1252","4280 6702 4805 5200","1"
"1253","5610 2570 7781 7560","2"
"1254","5002 3507 4303 1250","2"
"1255","5390 8107 9836 5700","3"
"1256","4913 7119 0172 7080","2"
"1257","5100 1780 3065 9880","3"
"1258","4917 0936 9538 5380","2"
"1259","4017 9591 3137 1440","3"
"1260","5602 2213 7790 8820","1"
"1261","5002 3533 5947 2060","3"
"1262","4017 9545 8402 7510","3"
"1263","5602 2296 0226 1100","3"
"1264","5048 3745 8936 3770","1"
"1265","4041 5987 2154 8100","1"
"1266","4175 0012 8465 3010","2"
"1267","4913 6594 6106 3270","2"
"1268","4994 4027 9336 3240","2"
"1269","4026 7133 7373 5300","2"
"1270","5602 2564 9841 4180","3"
"1271","4508 8141 5514 8580","1"
"1272","5602 2153 4498 4560","1"
"1273","5108 7509 8719 4070","1"
"1274","5602 2558 8002 7930","3"
"1275","5610 7249 1048 5160","3"
"1276","5602 2383 6314 1880","3"
"1277","5048 3722 7352 4430","1"
"1278","5234 6670 6320 5120","2"
"1279","5163 2423 9190 9780","2"
"1280","5602 2219 7699 1040","1"
"1281","4041 3778 2200 8140","3"
"1282","5589 2651 0022 1370","3"
"1283","4026 3491 6589 2190","2"
"1284","5100 1787 7971 8980","2"
"1285","4041 3760 0328 4140","3"
"1286","5466 4932 7365 1060","3"
"1287","4175 0067 4992 6470","3"
"1288","5602 2476 2633 2830","1"
"1289","4718 7185 7607 0660","1"
"1290","5602 2317 4679 1800","2"
"1291","4026 0072 6490 8120","3"
"1292","5315 1381 3311 6020","3"
"1293","5610 2584 2320 6490","2"
"1294","5100 1377 9652 6140","1"
"1295","4041 5963 5903 5790","3"
"1296","5602 2533 4658 8370","3"
"1297","5602 2344 6172 3230","2"
"1298","4508 7673 1969 0580","3"
"1299","5602 2517 7969 6180","2"
"1300","5100 1474 5576 5830","1"
"1301","5002 3586 0651 6180","1"
"1302","4844 8230 0727 6630","1"
"1303","5610 9791 8366 1810","2"
"1304","4026 0891 8527 9440","3"
"1305","4175 0016 0719 2850","2"
"1306","4405 8877 7829 7440","1"
"1307","5602 2406 9786 3820","3"
"1308","5010 1275 6470 5690","1"
"1309","5048 3750 2576 3650","1"
"1310","4041 3788 2019 6910","2"
"1311","5602 2499 2964 9430","3"
"1312","5100 1754 1554 2250","1"
"1313","4026 9834 1079 4550","2"
"1314","4917 4506 3454 4610","3"
"1315","4017 9526 5162 8810","3"
"1316","4913 7211 3580 4000","2"
"1317","5292 4390 6816 1970","2"
"1318","5438 4917 7508 4300","1"
"1319","4844 4465 8518 4620","3"
"1320","5602 2320 5738 2240","2"
"1321","5602 2297 0222 2730","2"
"1322","4175 0066 8985 6590","2"
"1323","5198 5823 9401 1610","2"
"1324","5610 7844 8419 0130","2"
"1325","5602 2190 7737 4460","1"
"1326","5610 9868 3536 1920","2"
"1327","5007 6677 5342 4900","1"
"1328","5223 7169 6726 5070","3"
"1329","4041 3734 4629 9180","2"
"1330","4026 6669 1389 1730","3"
"1331","5602 2503 9346 0060","2"
"1332","5100 1340 0659 9170","2"
"1333","5602 2298 7569 8320","3"
"1334","5602 2429 5221 9510","1"
"1335","5610 0286 8663 4160","1"
"1336","4026 5853 0732 5460","3"
"1337","5602 2141 7785 3480","2"
"1338","5100 1415 7615 0110","1"
"1339","4175 0099 7163 3190","1"
"1340","5602 2414 2742 6300","2"
"1341","5100 1488 0030 7880","3"
"1342","4026 9931 3231 7320","3"
"1343","4508 3020 4863 1120","3"
"1344","5602 2104 5258 6870","3"
"1345","5602 2575 0432 4580","2"
"1346","5602 2482 9488 2630","2"
"1347","5100 1377 1679 7420","3"
"1348","4026 1176 5808 8460","1"
"1349","5602 2473 7597 9640","2"
"1350","4026 3022 4727 6980","3"
"1351","4041 3772 7221 4800","2"
"1352","4175 0084 4178 2300","3"
"1353","4017 9514 3965 2820","3"
"1354","5610 9406 5813 7850","3"
"1355","4017 9534 8325 3570","3"
"1356","5602 2557 6260 5050","3"
"1357","4508 1423 6110 3000","2"
"1358","5100 1489 1468 3560","3"
"1359","4913 7304 1187 3000","2"
"1360","5602 2236 1750 4400","1"
"1361","5602 2466 1710 5130","3"
"1362","5602 2558 0122 4580","2"
"1363","5100 1424 3895 6730","3"
"1364","5602 2527 9052 2770","3"
"1365","5010 1205 4157 9370","3"
"1366","5602 2447 6852 2600","2"
"1367","5610 3587 4957 0520","1"
"1368","5602 2598 2181 3030","3"
"1369","4175 0021 3416 1680","2"
"1370","5100 1742 2189 4120","3"
"1371","4917 4975 0494 6820","3"
"1372","4917 2894 8299 3450","1"
"1373","5602 2428 1609 1720","3"
"1374","4508 2678 5123 9350","2"
"1375","4041 5913 6330 0330","2"
"1376","4508 3629 7944 1390","2"
"1377","5602 2316 3465 3990","3"
"1378","5205 2852 2566 0700","1"
"1379","5100 1439 0800 0450","2"
"1380","5610 7106 6094 7260","2"
"1381","5100 1791 1504 8830","3"
"1382","4026 4865 2500 4720","1"
"1383","5108 7553 7840 8350","1"
"1384","4405 4484 1907 2940","3"
"1385","4508 2756 8339 6410","1"
"1386","5002 3500 1799 0130","3"
"1387","5108 7529 0337 9940","2"
"1388","4405 5196 6576 9420","1"
"1389","4917 7185 3021 6980","3"
"1390","4175 0082 5784 4370","2"
"1391","5007 6676 7230 8150","2"
"1392","4917 7824 9156 3260","2"
"1393","5602 2231 2887 6090","1"
"1394","4405 1906 1209 0600","2"
"1395","4026 8225 6760 3910","3"
"1396","4017 9549 0771 8360","3"
"1397","4917 2315 5054 3610","2"
"1398","5602 2134 3970 6750","2"
"1399","4913 3912 4725 5490","3"
"1400","4405 3065 2271 4710","2"
"1401","5602 2553 1770 6750","2"
"1402","4405 1838 4065 8770","2"
"1403","5602 2551 9850 2270","2"
"1404","5237 0266 0839 8420","1"
"1405","5610 8928 3198 2260","3"
"1406","4913 8713 7120 4700","1"
"1407","4405 8628 3548 8940","3"
"1408","4450 7398 4946 1310","2"
"1409","4017 9586 6812 4330","3"
"1410","5602 2308 4542 1340","1"
"1411","4216 3056 0206 6390","2"
"1412","5610 2060 8480 2000","3"
"1413","4913 7608 8607 0390","2"
"1414","4508 4723 5479 1600","3"
"1415","5602 2567 1404 7120","3"
"1416","4026 1273 0599 8500","2"
"1417","5602 2225 3627 7220","3"
"1418","4913 5352 2575 4760","3"
"1419","4175 0055 3530 3430","3"
"1420","4026 7770 9230 6950","2"
"1421","5002 3579 6118 4990","3"
"1422","5602 2338 5978 2220","2"
"1423","4175 0087 9380 6850","3"
"1424","4041 3745 0287 5420","3"
"1425","5602 2460 2123 2540","1"
"1426","5349 8210 6635 2280","1"
"1427","5007 6667 7759 0890","3"
"1428","4175 0085 9295 8590","3"
"1429","4017 9538 0349 7470","3"
"1430","5602 2429 2883 2040","2"
"1431","5100 1724 7237 4320","2"
"1432","5602 2377 2686 9990","1"
"1433","4041 5946 0601 0770","1"
"1434","4026 1573 2258 1500","1"
"1435","4026 4864 5996 6500","1"
"1436","5100 1746 1436 5090","3"
"1437","5610 0057 5860 1690","1"
"1438","5543 1389 3166 7890","2"
"1439","5202 5071 2781 4790","1"
"1440","5610 9726 4562 7040","2"
"1441","5610 4004 4450 3180","2"
"1442","4661 3014 0639 3230","1"
"1443","5100 1304 6485 9320","1"
"1444","5602 2417 4534 1040","3"
"1445","5602 2593 6926 9160","2"
"1446","5602 2372 4214 4420","2"
"1447","4917 5709 8168 3560","2"
"1448","5002 3544 7773 5990","1"
"1449","5048 3722 2869 7150","2"
"1450","5291 0948 1710 8990","1"
"1451","4026 8179 3531 9030","3"
"1452","5100 1356 4011 1540","1"
"1453","5385 5054 9572 0540","1"
"1454","5602 2218 0150 0080","1"
"1455","5602 2292 8306 2290","3"
"1456","5010 1296 6261 1500","1"
"1457","5010 1253 5358 0290","3"
"1458","4175 0032 4547 1370","2"
"1459","5007 6642 1779 8090","1"
"1460","4175 0037 4200 3840","3"
"1461","4405 2794 7158 9780","3"
"1462","5002 3535 5641 6680","1"
"1463","5100 1389 3796 6710","2"
"1464","5048 3779 6385 4980","3"
"1465","4175 0025 0609 4880","2"
"1466","4175 0058 0901 3010","3"
"1467","4405 0508 4296 6180","2"
"1468","4041 3760 0455 1100","3"
"1469","5341 5037 9060 5980","3"
"1470","5010 1241 9666 9380","2"
"1471","5602 2415 4436 9280","2"
"1472","5602 2500 6684 5470","3"
"1473","4917 6982 7813 8490","3"
"1474","4026 7257 1377 0640","2"
"1475","4844 0667 5123 4310","2"
"1476","5152 4248 4104 0910","2"
"1477","4041 3710 3362 3060","3"
"1478","5602 2256 5042 0490","3"
"1479","4844 4471 0319 9890","2"
"1480","5229 3419 8496 2090","2"
"1481","4041 3786 1162 3370","2"
"1482","4175 0063 7074 5680","2"
"1483","4041 3748 4353 6710","2"
"1484","5602 2425 9797 1420","1"
"1485","5602 2561 0216 0540","1"
"1486","4041 3723 2594 7280","2"
"1487","5602 2220 4945 9340","3"
"1488","4175 0032 1426 0070","3"
"1489","5100 1406 3006 7830","1"
"1490","4017 9508 7057 2850","2"
"1491","4175 0071 6835 7890","2"
"1492","5602 2199 0189 6170","2"
"1493","5100 1432 4727 1330","1"
"1494","5192 7368 8139 3600","2"
"1495","4041 5958 7665 2460","2"
"1496","5602 2169 4276 9240","1"
"1497","5100 1312 7137 2530","1"
"1498","5602 2435 2023 0650","1"
"1499","5002 3513 9779 7250","3"
"1500","5010 1231 4906 6450","1"
"1501","4844 8075 8085 3550","3"
"1502","4606 3151 0523 7000","3"
"1503","4966 3380 0971 4710","3"
"1504","4041 3752 9402 6750","3"
"1505","4026 3934 7642 2120","1"
"1506","5048 3782 8876 7310","2"
"1507","5558 6548 1216 5640","3"
"1508","5010 1217 9051 7020","1"
"1509","4917 7816 6916 4090","1"
"1510","4913 5073 5002 6410","2"
"1511","4017 9564 7277 9770","2"
"1512","5002 3596 5339 4240","1"
"1513","5610 6697 2586 9290","2"
"1514","5588 9331 9557 8320","2"
"1515","5382 3845 6573 2030","1"
"1516","5002 3513 2740 0790","1"
"1517","5602 2567 0359 2910","3"
"1518","5010 1223 4878 6640","1"
"1519","5610 8751 8675 9840","3"
"1520","4175 0048 3225 8800","3"
"1521","5100 1386 2281 3950","3"
"1522","5610 1374 7314 2640","2"
"1523","5602 2161 0825 1370","3"
"1524","5100 1307 2582 6210","1"
"1525","5602 2433 2505 9120","3"
"1526","5602 2507 9542 7070","2"
"1527","5194 4351 2370 0790","3"
"1528","5100 1334 0340 2060","3"
"1529","5602 2535 6446 9320","3"
"1530","4508 2400 9928 2400","1"
"1531","5048 3755 1113 0540","2"
"1532","5395 3182 7905 5060","1"
"1533","4175 0083 9293 4320","1"
"1534","5602 2212 0565 4160","2"
"1535","4925 3123 4727 6850","3"
"1536","5602 2232 4920 5090","3"
"1537","5602 2390 3811 6000","1"
"1538","5100 1307 1116 5540","2"
"1539","4175 0039 4584 1870","3"
"1540","5325 4019 5482 6660","3"
"1541","4844 4040 3094 1680","2"
"1542","4913 7678 3354 8710","1"
"1543","4913 3681 4478 4910","2"
"1544","4405 0165 4500 0270","3"
"1545","5602 2558 9497 1180","2"
"1546","5602 2120 7050 2950","2"
"1547","5610 1886 9341 2150","3"
"1548","5239 5246 9686 3790","2"
"1549","5602 2201 3450 7870","1"
"1550","4041 3799 6636 0940","2"
"1551","4917 5058 2914 4790","1"
"1552","4844 0373 9160 1500","3"
"1553","5274 7481 5442 5780","1"
"1554","4844 2988 2390 6990","1"
"1555","5007 6695 5360 9890","2"
"1556","5602 2144 0716 3240","2"
"1557","5602 2354 4392 7950","3"
"1558","4508 9858 1127 4930","3"
"1559","5610 2984 5433 7020","2"
"1560","5602 2505 2635 8550","2"
"1561","5108 7518 5426 8550","3"
"1562","4017 9557 7014 6160","3"
"1563","5602 2174 4493 8860","3"
"1564","4026 3233 8614 0690","3"
"1565","4175 0096 4285 0520","1"
"1566","4026 4525 6423 3790","1"
"1567","5610 4675 3485 5710","2"
"1568","4041 3782 7957 9120","1"
"1569","5408 5229 8094 2070","3"
"1570","4913 3002 0131 1840","3"
"1571","4041 3796 2638 5110","2"
"1572","4041 3734 9921 6760","1"
"1573","4175 0054 6446 0570","3"
"1574","4844 2546 9204 6970","1"
"1575","5100 1447 2781 3620","1"
"1576","5602 2411 5906 6080","1"
"1577","4017 9510 6997 9120","3"
"1578","5100 1448 7912 0970","2"
"1579","5602 2157 2163 4030","3"
"1580","5010 1269 4331 6410","2"
"1581","5100 1310 4404 3690","1"
"1582","5339 1939 8494 9470","2"
"1583","5007 6675 0941 8690","3"
"1584","4913 5084 7321 3910","1"
"1585","5602 2302 9169 2100","3"
"1586","5403 9122 8051 3450","2"
"1587","4844 6133 4171 9780","3"
"1588","5100 1454 3146 4450","2"
"1589","4175 0052 6460 8240","2"
"1590","4913 8002 0408 1100","2"
"1591","5234 7193 2932 4990","1"
"1592","5448 7653 7715 4440","2"
"1593","4176 6042 2178 9700","3"
"1594","4405 9449 4777 5760","3"
"1595","5202 5483 0571 7420","3"
"1596","5305 4197 1358 1360","2"
"1597","5100 1743 0713 4780","1"
"1598","5437 6012 8886 7000","3"
"1599","4913 2162 1608 5610","3"
"1600","4917 4642 4847 5070","1"
"1601","5602 2168 2094 6430","1"
"1602","4917 9250 2241 4550","3"
"1603","5263 7876 5160 6660","2"
"1604","4913 5960 9960 8820","3"
"1605","5599 3968 8297 1320","1"
"1606","5610 5555 2150 2400","2"
"1607","4041 3761 4454 7830","2"
"1608","4017 9515 1433 7410","2"
"1609","5326 1796 1289 8820","3"
"1610","5010 1268 1706 6710","3"
"1611","5305 7579 3511 0600","3"
"1612","5416 8242 0500 3300","3"
"1613","5602 2190 5755 6260","2"
"1614","4508 3174 3898 2640","1"
"1615","4026 8668 4873 9640","2"
"1616","4913 0985 9373 5590","3"
"1617","4844 3494 1860 8800","1"
"1618","5002 3590 3133 1560","3"
"1619","5602 2205 7775 5160","3"
"1620","5007 6623 1656 0410","2"
"1621","5602 2110 3746 5580","3"
"1622","4041 5945 8876 2640","1"
"1623","5602 2167 9410 4050","3"
"1624","4917 0921 7786 5590","3"
"1625","5260 2675 2138 9160","2"
"1626","4844 0585 8503 9050","2"
"1627","5048 3740 0417 3480","2"
"1628","4844 2902 3601 1390","1"
"1629","5602 2249 9089 7720","3"
"1630","5602 2280 2385 1880","1"
"1631","5602 2431 8210 8640","1"
"1632","5610 6375 1758 5480","3"
"1633","5100 1332 5578 3430","1"
"1634","4026 4609 0503 9890","2"
"1635","5602 2473 1715 1810","3"
"1636","4175 0009 2780 4880","1"
"1637","4405 8705 1330 3160","3"
"1638","5100 1792 6413 6750","2"
"1639","4026 2901 1173 8330","1"
"1640","4175 0076 3205 1580","2"
"1641","5602 2482 1624 9220","2"
"1642","5002 3537 0175 0500","1"
"1643","5374 5661 4252 3880","2"
"1644","5602 2522 5279 8200","2"
"1645","5007 6615 6533 1530","3"
"1646","5105 2389 7726 4970","3"
"1647","5602 2502 7588 1180","3"
"1648","5602 2278 1444 5090","3"
"1649","4844 8370 6791 5050","1"
"1650","5108 7528 5587 1540","1"
"1651","5602 2465 4891 5400","2"
"1652","5602 2142 7670 3020","1"
"1653","4508 6199 7638 3120","1"
"1654","4017 9537 1974 5480","1"
"1655","5126 3946 8901 5640","2"
"1656","5602 2375 4338 4360","1"
"1657","4017 9597 6883 0800","3"
"1658","5048 3732 6956 1530","3"
"1659","4844 3756 6659 0750","2"
"1660","5221 0670 9461 4980","3"
"1661","5602 2353 4889 7850","2"
"1662","4913 9419 6713 4290","3"
"1663","5100 1763 6837 1410","3"
"1664","5602 2235 2188 0590","1"
"1665","4368 7766 3406 2600","2"
"1666","5602 2430 3898 2370","1"
"1667","4917 2433 1177 9380","2"
"1668","4041 3734 5376 1090","2"
"1669","5602 2442 2243 5290","1"
"1670","5602 2259 0009 8300","2"
"1671","5540 6791 1847 0380","2"
"1672","5602 2537 2397 4840","2"
"1673","5602 2325 7355 1820","3"
"1674","5602 2486 8890 3550","2"
"1675","4041 3705 7052 0920","2"
"1676","4844 9712 3025 6150","2"
"1677","4026 9716 9944 8090","3"
"1678","5100 1362 4078 6730","2"
"1679","4017 9535 9992 3440","2"
"1680","5610 3622 7788 9050","3"
"1681","5100 1713 7738 5930","1"
"1682","5610 6743 7924 1190","1"
"1683","4175 0068 0530 6690","1"
"1684","5602 2503 0836 5560","1"
"1685","4913 2778 8605 5240","3"
"1686","4041 5966 8467 9380","2"
"1687","4017 9543 2459 5780","1"
"1688","5602 2340 9121 5660","3"
"1689","5602 2161 8642 2710","3"
"1690","5602 2451 5678 6390","1"
"1691","5602 2515 0235 4860","2"
"1692","4913 9738 5388 3510","2"
"1693","4844 5403 2379 8360","1"
"1694","5602 2111 4367 1360","3"
"1695","5602 2334 5645 5890","1"
"1696","4041 3746 3078 8030","1"
"1697","5602 2545 4237 4630","2"
"1698","4026 5202 7159 2170","3"
"1699","5602 2387 8363 0680","1"
"1700","6706 3088 9852 9110","2"
"1701","3543 6621 4361 6990","2"
"1702","3564 7341 2502 0220","1"
"1703","3556 9056 8854 6620","3"
"1704","6333 4028 5134 3150","2"
"1705","3571 7560 1747 6500","3"
"1706","5413 7771 4827 0210","1"
"1707","6331 1030 3899 7920","2"
"1708","4405 2296 3430 0680","3"
"1709","5602 2380 7475 1490","2"
"1710","3563 9746 3000 9450","2"
"1711","5165 1268 7594 7710","3"
"1712","6763 0187 8582 5900","3"
"1713","6759 6533 2000 5110","2"
"1714","6331 1033 5895 1530","2"
"1715","4936 5448 8776 9800","3"
"1716","5100 1381 4882 2760","3"
"1717","4844 1514 3183 2990","1"
"1718","5468 7744 4397 0020","3"
"1719","3566 3348 5623 8240","3"
"1720","5576 6311 9361 2540","3"
"1721","5010 1228 4340 2320","3"
"1722","5349 4700 1961 1940","1"
"1723","3577 1194 9537 1390","2"
"1724","3536 4009 9081 9220","3"
"1725","3576 7506 6409 1450","3"
"1726","3568 8689 9252 0890","1"
"1727","5020 9292 0413 2700","1"
"1728","3555 3338 1295 7790","2"
"1729","3575 2162 3327 6980","3"
"1730","5100 1459 1413 6650","3"
"1731","5602 2487 0734 3850","3"
"1732","3546 4367 9235 8120","2"
"1733","3567 4089 2100 6770","2"
"1734","4936 0276 4596 8050","2"
"1735","5602 2208 7492 5340","2"
"1736","3532 1489 7717 9170","3"
"1737","4405 0081 7172 4020","1"
"1738","3570 8877 9572 8990","3"
"1739","6333 9556 8900 2550","3"
"1740","4844 4619 9415 7270","3"
"1741","3589 9314 1179 7050","2"
"1742","3585 5604 1953 1580","2"
"1743","6304 7270 5192 8640","2"
"1744","3576 1453 2115 1930","2"
"1745","3562 3771 1007 7330","2"
"1746","6759 0477 8456 2500","3"
"1747","3573 2164 8647 7580","2"
"1748","3564 9561 8063 8220","3"
"1749","5100 1331 7858 0600","3"
"1750","4026 5643 9820 7600","2"
"1751","6304 5048 1275 5630","3"
"1752","4175 0050 0444 1400","1"
"1753","4903 1068 2620 9390","1"
"1754","3529 6877 5027 9960","2"
"1755","5602 2133 4329 8230","1"
"1756","4936 9235 3026 6480","3"
"1757","3575 0291 6639 9550","2"
"1758","3532 4982 3474 8170","2"
"1759","3558 1627 6028 9860","3"
"1760","4041 3795 2349 0590","2"
"1761","3553 9388 0540 4430","1"
"1762","6709 0528 4784 3230","2"
"1763","6759 7498 0753 9580","2"
"1764","3588 0719 5689 2380","1"
"1765","3561 7190 1567 7320","3"
"1766","4175 0069 7418 4250","1"
"1767","3583 2737 8561 0440","3"
"1768","3570 1373 4536 8600","3"
"1769","3553 4387 7891 8160","2"
"1770","6709 5597 3263 0280","3"
"1771","5610 4891 2247 1390","3"
"1772","5100 1402 9465 0560","2"
"1773","3535 6937 7494 1610","2"
"1774","3536 1514 5840 3250","1"
"1775","3560 3190 0167 5460","1"
"1776","6771 2989 0073 9840","2"
"1777","3537 1342 8041 3970","2"
"1778","5526 2384 7192 3930","3"
"1779","4017 9544 3150 9640","2"
"1780","3539 3773 2659 7910","1"
"1781","3553 9733 3661 9320","3"
"1782","5602 2437 4492 3150","3"
"1783","6759 3134 7853 1770","3"
"1784","3583 1451 1777 6970","2"
"1785","3581 6207 1362 3820","1"
"1786","4936 4233 2095 5610","2"
"1787","3549 5434 7892 5280","1"
"1788","3537 9723 8226 8410","2"
"1789","3563 4315 5746 7390","3"
"1790","5893 3572 0258 7590","3"
"1791","3548 9850 4423 4460","2"
"1792","5641 8208 7383 3210","2"
"1793","5161 1015 5146 1660","1"
"1794","3562 0941 7197 9900","2"
"1795","5516 8659 6026 8620","2"
"1796","3589 0972 0119 6050","1"
"1797","6709 8329 1075 8510","1"
"1798","5602 2389 2282 6140","2"
"1799","3573 4417 8176 0090","2"
"1800","3572 0508 6557 7690","3"
"1801","3543 4829 2691 0120","1"
"1802","3544 4638 7158 0330","1"
"1803","5893 8037 8640 6150","1"
"1804","5010 1270 6096 2980","2"
"1805","3584 9022 9328 6370","2"
"1806","3586 4142 6843 9740","2"
"1807","3574 6469 5076 8270","2"
"1808","6771 3238 0280 0080","3"
"1809","3584 0803 8924 9850","1"
"1810","6767 2794 5894 3250","3"
"1811","6333 6775 1554 4170","3"
"1812","3573 7572 7712 8650","2"
"1813","4017 9571 0157 3150","3"
"1814","3577 5447 1161 8090","3"
"1815","6331 1038 3046 4790","3"
"1816","3546 9102 9766 9830","1"
"1817","5100 1358 2709 6040","2"
"1818","4936 8366 8176 7860","2"
"1819","3561 6573 2728 0010","1"
"1820","3546 3243 4352 3590","2"
"1821","5010 1215 4117 4680","2"
"1822","3549 8251 5995 9630","1"
"1823","3585 0104 9464 0600","3"
"1824","3548 8284 9151 2600","3"
"1825","5038 3394 9214 6280","3"
"1826","3539 8298 8594 5800","3"
"1827","6762 2679 4827 7370","3"
"1828","5018 2747 7166 5980","2"
"1829","5602 2391 0295 6310","2"
"1830","5048 3743 2671 9470","2"
"1831","3531 2351 2998 9540","2"
"1832","5038 0587 3072 9650","3"
"1833","6385 8384 1506 0800","3"
"1834","3542 7760 1966 8290","3"
"1835","6383 8092 9677 8710","2"
"1836","6763 9714 9751 1300","3"
"1837","3549 6856 2705 7240","1"
"1838","3581 4948 3813 5260","2"
"1839","3530 3888 2285 6880","1"
"1840","3580 6234 6409 0170","3"
"1841","3529 1310 5600 8900","2"
"1842","6767 8422 6147 8140","1"
"1843","5007 6674 4514 0510","2"
"1844","3581 8281 4175 1850","2"
"1845","5602 2196 2802 1800","1"
"1846","6391 2227 2678 7340","2"
"1847","3556 3886 0176 4610","1"
"1848","5602 2259 8280 4110","2"
"1849","5453 2272 7208 9890","1"
"1850","5602 2403 2952 3100","3"
"1851","5002 3586 7753 7950","1"
"1852","5010 1286 5436 6660","3"
"1853","6771 0489 0212 2780","2"
"1854","3540 1691 4703 3800","2"
"1855","6043 1833 6293 9850","3"
"1856","3589 8345 9665 5400","1"
"1857","3575 6232 9620 9670","3"
"1858","3539 8341 3619 3060","1"
"1859","4913 9422 0190 7340","2"
"1860","6762 4892 2390 3120","1"
"1861","4041 5920 7148 6810","3"
"1862","5100 1310 1205 6160","2"
"1863","6304 8354 5943 6400","3"
"1864","3548 8605 7207 4050","3"
"1865","4405 9907 5450 0120","2"
"1866","3565 4353 3893 1340","2"
"1867","3565 6955 8817 9120","1"
"1868","5586 6140 0584 3970","1"
"1869","4936 9345 4418 8170","1"
"1870","3562 6576 6604 8550","3"
"1871","5590 3768 4533 1970","3"
"1872","6331 1086 4030 4280","3"
"1873","3543 3104 8386 0720","1"
"1874","5602 2368 2762 4630","1"
"1875","3557 1112 5254 7590","3"
"1876","5506 6167 0610 4240","1"
"1877","3579 6985 0190 4010","2"
"1878","6333 3881 7039 1060","3"
"1879","3534 5638 2817 5920","1"
"1880","3578 9647 2539 8320","1"
"1881","5602 2411 0170 9280","2"
"1882","3569 4996 2573 7380","1"
"1883","3580 4296 7511 3450","1"
"1884","3550 3287 9124 5140","1"
"1885","4508 8935 4848 7280","2"
"1886","3579 2269 5081 2440","2"
"1887","6709 7141 9814 1240","1"
"1888","3549 8523 6199 8370","2"
"1889","5602 2347 1584 1950","3"
"1890","3551 6594 7171 5070","1"
"1891","4911 2491 1858 8260","3"
"1892","4844 7970 5014 7390","2"
"1893","5038 4181 4463 9300","3"
"1894","6382 5518 9846 9680","3"
"1895","6334 6198 2886 5260","1"
"1896","5204 8830 5042 7600","2"
"1897","3531 5748 4386 6130","1"
"1898","6386 0148 7201 5680","3"
"1899","4844 8377 8225 1640","3"
"1900","3587 3828 9756 7960","3"
"1901","3544 6839 5680 3020","3"
"1902","5602 2134 3109 2900","1"
"1903","3532 1816 1645 6150","2"
"1904","3561 6437 6484 5940","2"
"1905","4905 5025 5242 3180","2"
"1906","4936 8767 6729 4320","3"
"1907","5602 2375 9844 8960","3"
"1908","3557 5976 3185 5510","2"
"1909","5602 2342 1363 8970","1"
"1910","4844 9463 8017 1440","2"
"1911","3578 6275 8678 1330","1"
"1912","5100 1731 0960 0250","3"
"1913","3575 1501 3343 9380","2"
"1914","5468 3571 9355 2590","2"
"1915","6706 1801 3851 4860","2"
"1916","6397 5596 2916 2780","2"
"1917","3588 9630 1332 2220","3"
"1918","3582 5072 8418 3040","3"
"1919","3540 2737 1196 2460","2"
"1920","5213 8549 8867 6730","2"
"1921","3562 2148 1867 5800","1"
"1922","5002 3509 2896 3010","2"
"1923","3567 1929 4935 5830","2"
"1924","5002 3594 2124 0650","2"
"1925","3529 5067 0395 5640","3"
"1926","6304 1970 6592 9100","3"
"1927","6304 4632 1692 2680","1"
"1928","3588 7501 2467 1310","3"
"1929","3577 7329 6592 1230","3"
"1930","3547 6889 1629 1390","2"
"1931","5602 2347 0923 5700","3"
"1932","3548 9128 7774 2470","2"
"1933","3580 2630 4522 5430","1"
"1934","3569 0224 1514 0490","1"
"1935","3557 9488 3800 2830","3"
"1936","5007 6684 0792 8640","2"
"1937","5002 3590 1147 1630","3"
"1938","3580 7712 9754 7570","1"
"1939","3570 2883 5983 5010","3"
"1940","5602 2519 4163 7710","1"
"1941","3532 5412 1708 3350","1"
"1942","5602 2184 8300 9030","3"
"1943","6395 1484 4048 3750","2"
"1944","3545 2906 1172 9970","1"
"1945","3563 6389 0666 3290","2"
"1946","3566 4483 7060 6750","2"
"1947","5602 2520 1829 5680","2"
"1948","3586 1580 9767 8090","1"
"1949","6767 5644 5849 8860","2"
"1950","3587 4106 7767 3150","3"
"1951","5408 9231 8879 8290","3"
"1952","5007 6616 2340 1110","3"
"1953","3567 1084 6792 5080","1"
"1954","6392 1035 6080 3640","3"
"1955","5610 6665 7277 8510","3"
"1956","5010 1246 8000 9330","3"
"1957","3556 6855 8091 7620","3"
"1958","3578 2407 6697 3280","1"
"1959","3555 5653 9558 0630","1"
"1960","4917 0446 7034 4800","1"
"1961","5186 5871 3662 9980","1"
"1962","3529 3675 0112 9080","2"
"1963","3568 3055 2812 9350","2"
"1964","3577 4740 5014 9930","1"
"1965","4026 4250 5594 4580","2"
"1966","5893 5061 1468 9770","1"
"1967","5150 1367 5704 6940","2"
"1968","5641 8293 9373 0420","1"
"1969","4041 5927 6170 1090","3"
"1970","3587 8046 0669 3900","3"
"1971","5108 7556 7955 4110","3"
"1972","3588 9908 4766 2200","3"
"1973","3535 0263 9309 4550","2"
"1974","6761 1750 8883 2410","2"
"1975","3566 7343 5461 9390","3"
"1976","3588 2245 2465 5300","3"
"1977","3589 0845 5575 7460","1"
"1978","5108 7520 7985 1850","3"
"1979","3539 1024 5497 8050","1"
"1980","3542 6432 3548 3170","3"
"1981","3587 0118 8670 1680","3"
"1982","6334 4884 8328 5530","3"
"1983","3559 4928 6155 3260","2"
"1984","5100 1753 0138 3880","3"
"1985","3549 2715 8611 6130","2"
"1986","6709 2708 3928 8390","1"
"1987","3566 0515 0866 3690","2"
"1988","5020 8778 2843 7310","1"
"1989","4903 6042 3125 4930","3"
"1990","5602 2546 7842 4320","1"
"1991","3559 7568 4790 4960","3"
"1992","3588 5565 8089 8920","3"
"1993","3579 2790 4912 3780","2"
"1994","3588 2707 0097 5450","3"
"1995","3538 7767 8872 1150","3"
"1996","3561 4664 6891 2800","1"
"1997","3573 5983 3297 2740","1"
"1998","4911 7550 2264 5190","2"
"1999","3556 2674 7500 6790","3"
"2000","3542 8870 2112 1300","3"
"2001","3545 8394 7520 3960","1"
"2002","6049 1023 3704 5520","2"
"2003","6767 4546 9192 7980","2"
"2004","5048 3791 3160 5050","3"
"2005","6767 1679 2104 5200","2"
"2006","3566 4526 8829 2420","2"
"2007","3533 5259 8409 7600","2"
"2008","4903 0102 7487 9270","3"
"2009","3538 9683 1205 4790","2"
"2010","3562 7382 7110 3000","2"
"2011","3564 8118 7915 1140","1"
"2012","5007 6619 0484 6660","2"
"2013","3557 1601 3965 1060","3"
"2014","3584 5803 6702 3490","1"
"2015","4936 3478 7731 1050","3"
"2016","6706 3702 0668 5940","2"
"2017","3562 2271 2959 3580","2"
"2018","3565 0351 2015 0220","1"
"2019","3534 0151 3837 0870","2"
"2020","5602 2170 8497 2780","1"
"2021","3579 3220 2843 0730","3"
"2022","3561 2847 7209 1050","3"
"2023","3568 4695 0234 2900","1"
"2024","6762 3837 0430 8410","2"
"2025","5100 1321 9506 7560","3"
"2026","3570 6143 1679 1110","3"
"2027","3555 0748 1627 1000","2"
"2028","6767 0894 9241 2820","3"
"2029","3539 4808 4523 8670","3"
"2030","3562 8118 4158 6940","1"
"2031","3566 8807 5865 1790","2"
"2032","3560 5236 3027 6350","1"
"2033","5610 2017 3008 0730","1"
"2034","6771 9274 9100 0010","2"
"2035","3570 7107 3565 3310","3"
"2036","5537 4300 7655 2270","3"
"2037","3560 4459 9054 5210","1"
"2038","3569 9309 4555 6700","2"
"2039","3531 7455 0432 5520","3"
"2040","5602 2141 5002 1970","2"
"2041","5179 5341 9780 8650","1"
"2042","3549 8186 3961 6050","1"
"2043","6040 0894 1272 7850","2"
"2044","3544 7709 4083 4250","1"
"2045","6759 3847 2701 4990","1"
"2046","4936 2122 3182 1840","3"
"2047","5602 2271 4823 1080","1"
"2048","4911 5273 4448 7180","3"
"2049","3545 6532 7182 9510","3"
"2050","4041 5945 2040 7290","3"
"2051","3565 8065 3478 2150","1"
"2052","3563 8906 7262 8300","1"
"2053","5602 2165 4611 9120","2"
"2054","5100 1482 6398 2700","2"
"2055","3565 8261 0532 4470","2"
"2056","3588 1699 7634 4110","1"
"2057","4508 2385 2900 3390","3"
"2058","3578 8574 1718 2900","3"
"2059","5018 8279 1526 2340","3"
"2060","3587 8016 9884 8290","2"
"2061","5602 2365 1479 1310","3"
"2062","6761 3442 7916 9090","3"
"2063","6771 0836 6240 5140","2"
"2064","5610 2522 3791 7830","3"
"2065","3530 8746 5512 6000","1"
"2066","5108 7500 1704 0830","2"
"2067","4175 0012 0748 6800","1"
"2068","5893 7144 5646 5560","3"
"2069","3587 2289 0984 7500","2"
"2070","3556 0644 0656 1110","2"
"2071","3540 2342 1805 3230","3"
"2072","3578 5165 9956 5050","2"
"2073","6709 7829 4745 9180","2"
"2074","3564 7946 5907 5100","1"
"2075","5610 3385 1941 1660","3"
"2076","3530 8196 7457 8250","3"
"2077","3556 6618 0899 3190","3"
"2078","3572 3059 5918 1890","3"
"2079","6304 0254 1338 5600","2"
"2080","3544 9593 3360 9910","1"
"2081","5602 2532 4901 5480","1"
"2082","5602 2180 7294 5190","3"
"2083","5602 2444 7082 3960","2"
"2084","3567 9409 5348 3300","1"
"2085","3545 0777 9702 0110","2"
"2086","5610 8360 8538 0450","2"
"2087","5641 8221 1413 1440","1"
"2088","5602 2337 0229 1650","3"
"2089","3557 1503 0776 6100","3"
"2090","3556 7065 9470 2470","3"
"2091","4913 0453 1345 6790","1"
"2092","3575 0939 2241 7510","1"
"2093","6762 8722 1555 9570","3"
"2094","3580 5319 1419 0210","3"
"2095","6759 8872 4628 1090","1"
"2096","4405 0283 3930 4210","3"
"2097","5346 5028 9471 6670","1"
"2098","3535 2569 0079 6460","1"
"2099","3542 1703 3031 8490","3"
"2100","3548 4225 0986 2310","1"
"2101","4405 0298 2002 8130","2"
"2102","6373 9830 7926 9110","2"
"2103","4903 0531 9564 2340","1"
"2104","4917 2798 9679 0360","1"
"2105","3540 4176 7436 2530","1"
"2106","3550 0396 1860 6580","2"
"2107","3581 3341 0066 3610","2"
"2108","6045 0561 0207 4590","3"
"2109","3530 9845 5859 1380","1"
"2110","3557 4684 6620 1310","2"
"2111","3542 6759 4853 1380","2"
"2112","3568 7517 4753 7440","2"
"2113","5010 1299 3526 1960","1"
"2114","3536 1243 2672 2280","1"
"2115","3528 3369 4927 3510","3"
"2116","6759 9207 9979 1780","3"
"2117","5038 0744 9873 2110","2"
"2118","5482 7065 1428 5000","3"
"2119","3557 7670 2573 3580","3"
"2120","3550 7085 3963 7950","1"
"2121","4405 7011 1045 9230","1"
"2122","3547 3690 7310 8150","2"
"2123","6761 8155 4143 8860","2"
"2124","4175 0072 1944 0740","3"
"2125","6759 4377 3499 1460","3"
"2126","5426 1127 8421 7140","1"
"2127","3546 4763 5319 2280","1"
"2128","3551 2365 3033 5780","2"
"2129","3561 5404 2875 9710","3"
"2130","6374 8066 2932 5880","3"
"2131","3540 3712 0668 2660","1"
"2132","3577 1338 2508 0900","1"
"2133","3563 4839 5874 6320","1"
"2134","5602 2309 3199 7520","3"
"2135","5007 6628 9060 0000","2"
"2136","3550 9716 2341 1270","1"
"2137","3584 7385 3288 5080","1"
"2138","5100 1398 0240 7980","3"
"2139","5893 0141 5496 5440","2"
"2140","3545 7347 7744 5150","3"
"2141","3558 9607 6312 1560","2"
"2142","3557 8114 2823 8750","3"
"2143","6709 2098 3200 1780","2"
"2144","3556 7617 0961 4130","2"
"2145","3546 0530 6524 1850","2"
"2146","3533 3295 5828 0720","3"
"2147","6759 6379 1366 1030","1"
"2148","5893 1814 6513 2080","2"
"2149","4041 5997 5454 0180","1"
"2150","3555 1931 2615 9300","3"
"2151","6762 6097 1145 8410","2"
"2152","3581 2692 2281 3480","2"
"2153","3560 9766 3338 3610","2"
"2154","5510 3597 5516 9360","3"
"2155","3547 4964 5654 0360","2"
"2156","5020 1430 2901 6180","1"
"2157","3537 9416 1950 1770","1"
"2158","6709 5048 2718 2950","3"
"2159","4175 0059 2989 7880","2"
"2160","3553 8980 5253 3510","3"
"2161","3558 9204 7933 4480","2"
"2162","3574 9419 1661 0620","3"
"2163","3574 5552 7258 6290","3"
"2164","6304 1207 1560 0470","1"
"2165","5038 9637 6215 3340","3"
"2166","5610 0451 1847 5010","1"
"2167","3545 4752 2502 7190","2"
"2168","3586 1081 3263 4360","1"
"2169","4405 6740 0971 6750","3"
"2170","5602 2148 8460 1770","2"
"2171","5100 1383 2939 4050","2"
"2172","3531 8942 7278 0450","1"
"2173","5641 8272 3293 0190","3"
"2174","4903 6614 2291 0980","2"
"2175","3589 2656 2377 0720","2"
"2176","6761 2042 8738 5750","2"
"2177","6763 9230 1772 5910","2"
"2178","3568 8737 4609 0900","2"
"2179","5108 5284 9753 2820","3"
"2180","3545 5314 1337 5150","3"
"2181","6771 5183 9708 3020","3"
"2182","5893 0325 7245 9810","2"
"2183","3535 3272 0455 0390","3"
"2184","3544 3585 8451 3700","2"
"2185","6762 2049 9681 6990","1"
"2186","4903 5147 1993 6890","3"
"2187","3563 7357 7049 7620","2"
"2188","5409 7036 5150 2120","2"
"2189","5602 2139 6790 7270","3"
"2190","3578 5461 7113 5570","3"
"2191","5038 4728 1158 3580","1"
"2192","3531 6559 7860 8910","3"
"2193","4041 5933 7820 8060","1"
"2194","3577 5091 8354 0500","3"
"2195","3568 8848 9687 2190","3"
"2196","4936 5757 6149 2870","2"
"2197","6333 9085 4786 2360","3"
"2198","3534 3391 2868 4790","1"
"2199","3531 7381 8565 7280","2"
"2200","3551 9324 9135 8040","3"
"2201","3543 1539 0759 5150","1"
"2202","3564 7663 4456 6540","2"
"2203","5146 8796 9471 1300","2"
"2204","4844 2341 8121 2300","1"
"2205","3538 2283 9168 7470","2"
"2206","4618 6200 2587 6370","2"
"2207","5602 2161 1737 9610","2"
"2208","3579 9383 8951 6560","3"
"2209","3554 1237 0870 0880","3"
"2210","3558 4932 4152 6570","2"
"2211","6331 1071 9604 0690","2"
"2212","3541 4604 6400 8070","1"
"2213","3563 8159 7093 6020","3"
"2214","3529 5187 1845 8160","1"
"2215","4026 1867 0319 0240","1"
"2216","5542 4216 8474 2430","1"
"2217","5602 2182 8115 2880","1"
"2218","3559 4924 1726 2390","1"
"2219","5602 2358 4701 2740","1"
"2220","5002 3514 4987 9900","3"
"2221","5007 6616 0972 2760","2"
"2222","5048 3747 8347 9790","1"
"2223","5010 1294 5805 9740","3"
"2224","3543 5800 7466 2140","3"
"2225","6706 9566 4424 8240","3"
"2226","5602 2284 6271 9130","2"
"2227","5232 6479 7954 3390","1"
"2228","5196 7121 8850 3430","3"
"2229","5100 1369 3464 3200","1"
"2230","3530 1232 3560 1020","2"
"2231","5602 2220 0678 5610","3"
"2232","3533 8278 1582 2070","1"
"2233","3572 0945 2874 0330","3"
"2234","3567 0897 1078 1200","3"
"2235","3569 8154 5772 9820","3"
"2236","3536 8390 6554 6380","3"
"2237","3544 8509 3233 4840","2"
"2238","3533 1423 5434 0130","2"
"2239","6304 1331 3983 4870","1"
"2240","5610 7838 3798 6450","3"
"2241","6378 7830 6072 1600","2"
"2242","3575 3791 9646 8940","1"
"2243","5108 7590 1362 7200","3"
"2244","5038 6839 0274 8800","2"
"2245","3567 8367 9200 5180","2"
"2246","5893 3009 2876 9850","3"
"2247","6762 2830 6345 6500","2"
"2248","6304 9814 4680 7040","3"
"2249","3540 4663 4059 8590","1"
"2250","5235 2743 0018 2070","2"
"2251","3528 6316 9749 5350","3"
"2252","3588 6465 2648 9970","1"
"2253","4903 2778 8088 8520","2"
"2254","3586 8460 6613 8110","2"
"2255","6304 4878 5123 7950","3"
"2256","3548 7540 7528 7830","2"
"2257","3553 5435 5275 3130","3"
"2258","3538 8120 9107 4680","2"
"2259","3530 2645 9317 7700","3"
"2260","4844 0806 0201 4840","1"
"2261","3536 0656 4365 6170","3"
"2262","3537 4051 5138 2590","3"
"2263","3562 7825 5053 4580","3"
"2264","3534 2681 0776 9040","1"
"2265","3571 9884 5137 2810","1"
"2266","6392 9694 7445 4400","2"
"2267","3565 4195 3635 8100","2"
"2268","3583 7969 9403 6320","2"
"2269","4905 7505 0469 6070","2"
"2270","5602 2258 4261 9050","3"
"2271","5007 6622 9708 2360","1"
"2272","6759 7420 7899 3220","1"
"2273","3574 3980 1513 8150","1"
"2274","5602 2559 6748 2590","3"
"2275","5602 2429 4355 6080","3"
"2276","3572 0112 8122 9410","3"
"2277","5403 1972 8795 2500","1"
"2278","5602 2365 4083 9710","2"
"2279","4041 3712 0774 2830","2"
"2280","3570 5090 7258 1710","1"
"2281","3578 6502 9312 5980","3"
"2282","5610 2611 1684 3660","3"
"2283","5610 1293 0407 0940","2"
"2284","3541 1388 0187 0300","2"
"2285","6377 7611 2518 1750","3"
"2286","5602 2597 5941 6850","3"
"2287","6331 1031 9911 7530","3"
"2288","4844 1330 4161 8590","1"
"2289","5602 2393 4001 4510","1"
"2290","5020 2785 8204 2990","2"
"2291","3585 3524 7086 6410","3"
"2292","3534 9150 5399 4750","3"
"2293","5602 2253 2556 1010","2"
"2294","5519 3973 2683 3580","1"
"2295","3561 3766 1761 1410","3"
"2296","5591 5165 0373 8720","3"
"2297","6304 4557 3883 0690","2"
"2298","5602 2199 1900 5640","3"
"2299","5444 8348 0532 5650","2"
"2300","3563 4883 0977 8200","1"
"2301","3547 8602 1731 2340","1"
"2302","5566 9339 2774 1930","1"
"2303","5100 1469 0775 8110","2"
"2304","3552 3388 5494 4220","3"
"2305","4844 9653 9498 6960","2"
"2306","6331 1085 5671 8530","1"
"2307","3552 4286 4694 7760","3"
"2308","6304 2555 4080 4320","1"
"2309","5610 5380 5852 3470","1"
"2310","4175 0001 3130 5020","2"
"2311","4405 4739 6763 2880","3"
"2312","5641 8233 8947 1790","1"
"2313","3533 4868 3760 3720","2"
"2314","3549 9095 7634 9520","3"
"2315","3573 9493 7713 4090","3"
"2316","6334 9585 6529 0880","2"
"2317","5610 1840 6867 4270","2"
"2318","6762 7319 3578 1750","1"
"2319","5602 2349 4644 4810","3"
"2320","5602 2172 4317 3700","2"
"2321","4936 4498 3383 7840","2"
"2322","3583 9875 1843 5700","2"
"2323","5002 3545 8259 8290","2"
"2324","5602 2218 0942 2800","2"
"2325","4508 0264 8850 8450","1"
"2326","4175 0005 0049 2840","2"
"2327","3583 1587 7785 1610","1"
"2328","3550 9713 9752 8580","3"
"2329","4041 3751 8831 5970","2"
"2330","6761 9744 7321 5510","3"
"2331","3561 3161 7935 2470","2"
"2332","3547 3433 6822 9330","2"
"2333","5411 6315 3591 5540","3"
"2334","5602 2471 8335 2610","1"
"2335","6767 1292 7561 9490","1"
"2336","4911 1418 3721 9070","3"
"2337","5100 1761 4610 9350","2"
"2338","4175 0096 4230 2450","1"
"2339","5602 2522 9493 0400","1"
"2340","3529 0678 4999 0400","2"
"2341","5893 3447 4228 7870","3"
"2342","3580 7845 8475 3470","3"
"2343","5108 7536 1305 4990","3"
"2344","4017 9521 9034 7530","3"
"2345","5602 2438 9601 0690","2"
"2346","3557 0189 1738 5250","2"
"2347","5002 3596 8883 9180","3"
"2348","3547 5843 4921 5610","1"
"2349","3553 2316 5034 0250","2"
"2350","6759 9827 5977 2550","3"
"2351","6761 5898 0948 0970","2"
"2352","6333 0137 3455 6800","3"
"2353","3534 5414 2540 6960","3"
"2354","3568 2274 4833 1810","3"
"2355","3575 8566 6112 3190","3"
"2356","3567 1139 1588 6020","3"
"2357","3555 7090 4392 7570","2"
"2358","6709 3583 3831 8060","3"
"2359","3559 2758 5033 0670","2"
"2360","6372 7007 0618 9850","1"
"2361","3551 0860 0595 7030","3"
"2362","3559 6215 9669 4400","2"
"2363","3573 4600 7273 8350","3"
"2364","3542 1972 3397 9220","3"
"2365","3583 1182 4633 4280","3"
"2366","4017 9569 9238 5540","2"
"2367","5602 2141 0082 5130","1"
"2368","5602 2436 9387 1660","3"
"2369","3578 7674 3653 6560","2"
"2370","3534 8395 0800 0970","3"
"2371","3559 2427 1778 7060","3"
"2372","5020 1871 1654 2620","1"
"2373","3554 6256 8813 7230","3"
"2374","3582 7255 0531 5340","2"
"2375","3528 5189 6432 9660","2"
"2376","4911 9690 0310 4130","2"
"2377","3538 6475 0169 2490","3"
"2378","6762 7512 5923 2350","1"
"2379","3541 5230 3546 7120","2"
"2380","4917 3327 8925 9280","2"
"2381","5010 1270 2071 7770","3"
"2382","3570 1107 2682 3790","1"
"2383","6304 8731 8617 6250","1"
"2384","5020 6204 4214 7460","3"
"2385","3529 6269 0214 8060","1"
"2386","3539 9133 4873 8980","3"
"2387","5602 2500 7983 2550","2"
"2388","3543 1843 2542 5040","1"
"2389","5641 8289 0749 7040","3"
"2390","5018 4986 9484 3220","2"
"2391","5602 2222 7903 5930","2"
"2392","6767 6268 0676 2320","2"
"2393","3569 0608 7308 0390","1"
"2394","5401 9946 5811 1920","2"
"2395","3530 2599 6728 5450","3"
"2396","3570 9619 2694 1500","3"
"2397","5893 2093 7510 4520","2"
"2398","3576 3740 9902 4520","2"
"2399","3529 9942 5335 0420","3"
"2400","6331 1061 1206 8850","2"
"2401","5602 2393 9967 7060","2"
"2402","6381 8003 6503 4780","2"
"2403","3550 3294 9697 6850","2"
"2404","3559 3992 8639 6540","1"
"2405","4175 0019 7888 4860","3"
"2406","3536 3459 9521 7140","1"
"2407","3569 9860 3425 0370","3"
"2408","5108 7535 1237 5390","2"
"2409","6304 9835 9809 5980","3"
"2410","3577 7206 2872 2100","1"
"2411","6041 6453 5838 3390","2"
"2412","5602 2350 3059 6910","3"
"2413","3563 7604 4565 3300","2"
"2414","6393 1832 2166 0020","3"
"2415","4844 7241 8344 0100","3"
"2416","6762 1597 9428 7210","2"
"2417","6763 2465 7997 6720","3"
"2418","6706 3532 2447 1620","3"
"2419","3556 9506 3933 1770","3"
"2420","5577 8604 1174 9740","2"
"2421","5100 1372 7985 0920","3"
"2422","3571 2084 5047 8220","2"
"2423","3540 5317 9129 3810","3"
"2424","3543 5878 0939 6990","3"
"2425","3538 3282 6335 8910","1"
"2426","3567 8255 8815 3190","1"
"2427","5602 2465 3624 7050","3"
"2428","3541 5514 3781 6900","3"
"2429","6376 4483 6317 7560","3"
"2430","5351 8617 5124 6980","2"
"2431","4917 6848 9006 3140","2"
"2432","6333 1203 4939 5890","1"
"2433","3587 4509 4672 2070","1"
"2434","3555 6213 8504 6380","1"
"2435","5018 9239 7048 1250","1"
"2436","3570 1499 8538 2320","3"
"2437","5574 2509 0036 9490","1"
"2438","6759 9601 8179 5580","2"
"2439","3573 6671 1215 6380","1"
"2440","4026 5650 6659 3750","2"
"2441","6392 4879 0623 3340","2"
"2442","3581 2526 4423 9320","1"
"2443","3554 7640 0390 5070","1"
"2444","5100 1712 3768 2230","3"
"2445","5199 1598 3437 4910","2"
"2446","3588 7435 9441 8940","2"
"2447","6334 9757 3617 5860","2"
"2448","3538 1948 5656 0370","1"
"2449","3530 4763 3736 3460","2"
"2450","3547 3999 3291 6700","1"
"2451","3564 7206 6026 9140","3"
"2452","3551 6225 0583 4640","1"
"2453","3576 9712 2316 3960","1"
"2454","5018 3824 7455 4270","1"
"2455","3546 6771 2986 2100","3"
"2456","3542 5740 1038 1560","1"
"2457","3553 7160 9313 5280","3"
"2458","4175 0086 8797 4030","2"
"2459","6304 2427 6282 6440","1"
"2460","5048 3783 1497 8040","3"
"2461","6759 0516 7624 0580","3"
"2462","3571 1589 4458 0510","1"
"2463","3546 1000 3490 8420","2"
"2464","3573 3570 7915 8970","3"
"2465","4175 0044 7072 5020","2"
"2466","3547 2619 7508 3990","3"
"2467","4917 7633 1023 5340","2"
"2468","6761 5824 7555 7400","3"
"2469","5602 2219 9476 5150","3"
"2470","6761 6086 6944 4460","2"
"2471","4026 4384 4713 9610","2"
"2472","5641 8254 5660 9820","3"
"2473","4405 7538 3609 0150","3"
"2474","3565 9904 1197 0060","2"
"2475","3585 5845 3589 5180","2"
"2476","3544 5445 4497 9250","2"
"2477","5602 2110 3141 1850","3"
"2478","5255 2422 0412 4460","3"
"2479","6761 7321 1824 6920","2"
"2480","5572 0189 6558 3510","2"
"2481","3532 4686 2891 1020","2"
"2482","5893 3457 1658 1630","2"
"2483","3562 0300 7774 2940","2"
"2484","6333 2367 1453 6510","1"
"2485","5020 6304 3415 2680","1"
"2486","5002 3539 9951 1630","2"
"2487","3545 2228 2555 2620","3"
"2488","5602 2360 4109 9540","3"
"2489","6304 8443 7187 9060","1"
"2490","3550 5564 7304 0340","2"
"2491","3551 8977 7650 2290","2"
"2492","4017 9515 6768 3610","2"
"2493","3535 3765 0604 0990","1"
"2494","3528 5659 3368 4560","2"
"2495","5048 3738 3038 3690","2"
"2496","3533 2837 8719 0770","1"
"2497","5602 2507 9941 1390","1"
"2498","6767 5123 5771 3760","1"
"2499","5324 6349 5048 1490","3"
"2500","5100 1455 5378 1640","1"
"2501","3544 9671 1984 3480","3"
"2502","5602 2394 1081 2510","3"
"2503","3581 1359 6200 0160","3"
"2504","3541 4201 1529 6830","3"
"2505","5641 8223 0319 5330","1"
"2506","3565 8321 0941 0090","2"
"2507","6759 2442 3533 5120","3"
"2508","5641 8282 6757 9480","1"
"2509","3555 0279 2806 8700","1"
"2510","5002 3513 1003 2480","2"
"2511","5558 5705 7772 0930","2"
"2512","5118 6039 1471 9670","1"
"2513","5038 7213 6401 3210","2"
"2514","6392 1874 2660 5230","2"
"2515","3540 4292 8239 2040","1"
"2516","5100 1795 3692 6060","1"
"2517","3538 0799 1917 5820","3"
"2518","6304 6259 9140 9660","1"
"2519","3532 6758 7022 2640","3"
"2520","3580 8558 8310 2380","3"
"2521","3537 4967 1340 4470","3"
"2522","3569 7429 9335 8570","2"
"2523","3584 2457 4906 9290","3"
"2524","3587 9150 2842 6600","1"
"2525","3586 8200 7418 2550","3"
"2526","3530 2569 5286 6060","2"
"2527","5602 2447 1551 4610","3"
"2528","5602 2502 5668 6370","3"
"2529","6371 1520 6556 7170","3"
"2530","6333 2710 3445 0980","1"
"2531","3549 9135 9056 9850","2"
"2532","5392 1691 2155 8700","1"
"2533","5602 2173 9798 3330","1"
"2534","3558 4716 2708 7540","2"
"2535","5641 8215 7826 0820","3"
"2536","5602 2117 9775 9370","3"
"2537","3588 4646 8124 3560","1"
"2538","4913 4258 3811 9020","2"
"2539","3555 4916 9322 4110","3"
"2540","3552 0242 8674 4270","3"
"2541","5602 2220 0837 3820","2"
"2542","5641 8286 9039 5120","1"
"2543","6759 0643 9071 7630","2"
"2544","3576 2699 5917 0530","3"
"2545","3537 2288 3934 0330","2"
"2546","4508 3813 7723 7300","2"
"2547","3556 2244 9814 8240","3"
"2548","6304 4170 1050 8870","2"
"2549","1104 7743 1753 0000","1"
"2550","3533 5039 2564 0980","2"
"2551","3568 8671 3963 8720","1"
"2552","3581 8967 6606 0960","3"
"2553","9665 5470 3985 0000","1"
"2554","6333 5714 3613 6560","1"
"2555","3578 0603 3527 6470","2"
"2556","3545 1263 7345 0880","2"
"2557","5602 2211 6567 5290","3"
"2558","5602 2395 0502 9360","3"
"2559","5602 2519 7518 9700","2"
"2560","5108 7519 4257 9490","2"
"2561","0222 4719 1585 0000","3"
"2562","3537 8690 4549 4690","3"
"2563","3589 1804 1895 5330","3"
"2564","5599 0835 9685 1450","3"
"2565","6386 0389 6425 5390","1"
"2566","6387 8035 2217 7000","1"
"2567","5610 8331 8136 8750","2"
"2568","6371 0352 3647 8580","1"
"2569","3571 2583 6145 6240","3"
"2570","3551 3057 8341 9690","3"
"2571","3584 4326 1372 4370","2"
"2572","3574 2783 5010 9930","1"
"2573","3841 4922 7381 0000","3"
"2574","5602 2132 8157 3670","1"
"2575","7590 4754 6102 3000","1"
"2576","3575 6009 6130 7490","1"
"2577","3534 9045 0695 6920","3"
"2578","7852 9316 7394 0000","2"
"2579","0475 8382 0429 8000","3"
"2580","3563 3253 5963 4680","2"
"2581","0598 4449 2563 4000","1"
"2582","1161 6080 9534 0000","2"
"2583","3575 3941 8423 8750","3"
"2584","5466 1821 5869 0320","1"
"2585","3538 3269 0530 0600","3"
"2586","3575 6604 2227 6800","2"
"2587","4041 5958 5443 1920","3"
"2588","6396 8407 5959 6800","2"
"2589","3574 2710 8433 8710","2"
"2590","5237 9507 8222 9370","2"
"2591","5010 1236 7192 2650","1"
"2592","3577 9799 7710 6320","2"
"2593","5100 1462 7897 6230","3"
"2594","6377 3264 0540 1000","3"
"2595","3582 9868 6984 6600","3"
"2596","3554 9523 5840 3950","2"
"2597","0884 6298 6160 0000","1"
"2598","7712 0051 8319 0900","3"
"2599","6104 8547 2156 3800","3"
"2600","3583 3954 2192 4660","1"
"2601","6771 9698 2226 6070","1"
"2602","5610 8093 5155 1430","3"
"2603","3530 0259 9770 0620","2"
"2604","3533 2548 0698 4210","3"
"2605","3561 3737 5408 8450","1"
"2606","5326 0290 7575 0000","2"
"2607","3547 0903 9300 7300","2"
"2608","6333 5047 3538 6020","2"
"2609","6384 3282 3914 0370","3"
"2610","4905 1633 3765 3010","3"
"2611","5602 2494 2847 4540","3"
"2612","6022 4143 5002 2300","3"
"2613","3574 8554 5965 2660","2"
"2614","3530 2215 4264 6570","1"
"2615","2242 1030 2700 0000","2"
"2616","5104 3861 4342 9880","3"
"2617","3582 3706 3450 8620","1"
"2618","3856 4239 1370 0000","3"
"2619","3529 0163 6860 6750","3"
"2620","3531 7649 5611 6690","2"
"2621","5402 7164 0827 5520","3"
"2622","3587 2803 7979 9380","1"
"2623","3564 1180 2154 3140","3"
"2624","5018 4717 3290 4670","3"
"2625","3579 1275 6622 0870","2"
"2626","3550 7198 9339 3700","2"
"2627","4508 8042 8755 2840","2"
"2628","3575 2529 2927 1010","1"
"2629","4041 5952 7639 5760","3"
"2630","0524 0112 9608 4000","1"
"2631","3563 4150 0110 7440","1"
"2632","3583 9712 0101 1260","3"
"2633","3770 5725 0017 0000","1"
"2634","7635 9798 2774 0200","2"
"2635","3541 2112 6946 5270","3"
"2636","2253 4947 4786 0000","1"
"2637","3530 8058 8882 8070","3"
"2638","3403 9572 1990 0000","2"
"2639","4903 4992 5676 2960","1"
"2640","3537 1625 6845 8340","2"
"2641","3556 3035 6046 0760","2"
"2642","3528 3423 9097 3950","1"
"2643","3562 1746 0075 4970","2"
"2644","4508 3810 9762 4410","2"
"2645","4913 4895 9700 7020","3"
"2646","5100 1786 6006 4730","3"
"2647","5321 9422 6582 6270","3"
"2648","3539 2812 9852 4500","3"
"2649","5100 1736 0961 0840","1"
"2650","7634 3991 7865 7700","1"
"2651","3044 2779 9176 8000","2"
"2652","3555 1076 3441 8470","1"
"2653","3562 5876 9005 0540","1"
"2654","3582 5447 8143 5130","1"
"2655","3572 5188 0485 5980","2"
"2656","4508 9630 4338 5770","1"
"2657","7620 3543 6886 9800","3"
"2658","5417 4383 3365 1750","3"
"2659","3589 7449 8965 1090","2"
"2660","5460 1846 8448 7310","3"
"2661","6333 4146 0692 2730","2"
"2662","3583 4254 5490 9570","3"
"2663","3575 0088 7705 2610","3"
"2664","4917 5918 4075 9150","1"
"2665","3588 9301 6325 9230","2"
"2666","3574 5163 1030 7180","1"
"2667","3547 9971 9923 9920","2"
"2668","5425 6732 3830 0790","2"
"2669","5602 2466 9096 9170","1"
"2670","3558 7177 8956 6480","2"
"2671","4917 9212 2479 6950","2"
"2672","6373 2583 4764 4020","2"
"2673","3549 8951 3609 8140","3"
"2674","3615 1547 9028 7000","2"
"2675","5582 5672 7217 8040","2"
"2676","0222 3193 5975 2000","2"
"2677","3577 5764 1133 2610","3"
"2678","3542 2278 3185 4750","2"
"2679","5100 0156 1242 0000","2"
"2680","3586 8386 4872 4380","3"
"2681","3543 0466 6050 1440","1"
"2682","3552 0933 2945 0040","1"
"2683","3528 6525 0639 8410","1"
"2684","4017 9599 7541 1810","1"
"2685","3718 5672 0858 0000","3"
"2686","3560 7142 3282 8030","2"
"2687","6391 1631 8286 3550","1"
"2688","3543 4515 7843 9250","3"
"2689","3552 8324 4668 1750","3"
"2690","3534 8035 9636 3690","1"
"2691","1689 0251 4379 0000","2"
"2692","6388 1058 7352 0360","2"
"2693","4026 2738 8691 5220","1"
"2694","3557 0752 3119 7720","3"
"2695","3553 1671 7583 5020","1"
"2696","6709 7286 3406 0070","1"
"2697","4508 1279 0122 7070","2"
"2698","3553 8291 2762 8470","3"
"2699","3579 9263 0656 7170","1"
"2700","5020 1112 5623 9370","2"
"2701","5100 1475 3970 1300","2"
"2702","5354 3913 7561 1130","1"
"2703","3585 9960 7497 6570","3"
"2704","5602 2585 0670 9540","2"
"2705","3574 7752 9553 2790","3"
"2706","4913 9115 8735 8650","1"
"2707","5588 9720 7130 8850","2"
"2708","3571 8262 5809 3940","3"
"2709","3581 0756 3607 6680","2"
"2710","3574 5279 8413 4240","2"
"2711","6709 9320 2362 7430","3"
"2712","4917 2430 2584 4700","3"
"2713","5893 5645 9042 9980","2"
"2714","5048 3799 4055 2450","2"
"2715","3547 6947 8359 5000","3"
"2716","3588 6337 4129 5750","3"
"2717","3587 6334 4740 0670","1"
"2718","5010 1227 7325 7800","3"
"2719","3575 0917 5712 9630","3"
"2720","5252 5792 6912 0990","3"
"2721","3545 9635 6921 1910","3"
"2722","3546 2849 0869 4310","1"
"2723","3573 4795 9135 3300","2"
"2724","5602 2467 5282 2410","3"
"2725","5610 2999 3699 9030","3"
"2726","5100 1322 1981 2590","1"
"2727","7281 7618 4980 0000","1"
"2728","3538 8361 6896 8650","2"
"2729","3587 9400 1502 5410","3"
"2730","3532 1203 7912 3610","3"
"2731","3562 3207 4745 0820","3"
"2732","3541 9733 3472 9640","2"
"2733","3581 3175 3759 4440","2"
"2734","3555 9413 0137 7850","2"
"2735","3552 5787 7679 0290","2"
"2736","3582 1489 8310 1010","3"
"2737","3567 7116 5913 2700","1"
"2738","3546 6174 7204 7440","3"
"2739","3584 7442 4574 2390","3"
"2740","3548 4053 2340 1490","3"
"2741","5184 5295 0658 0000","2"
"2742","4026 0399 7298 4640","2"
"2743","4936 5512 2929 8340","2"
"2744","4182 1356 9086 8000","2"
"2745","5100 1491 2276 3550","2"
"2746","1002 4089 8284 1000","3"
"2747","3564 8226 8413 3760","2"
"2748","3542 7875 8113 2670","3"
"2749","5100 1790 4868 5690","3"
"2750","5559 3213 8661 5990","2"
"2751","3566 3102 2645 7740","3"
"2752","3556 9177 9192 8810","1"
"2753","5325 2503 2181 6170","1"
"2754","3565 3200 4080 3710","2"
"2755","0659 3497 3261 6000","1"
"2756","6022 1927 8282 8600","3"
"2757","6333 3457 1042 7340","2"
"2758","3587 1104 9745 9040","2"
"2759","3533 3070 4973 2960","3"
"2760","5602 2587 0715 9580","2"
"2761","5594 9260 6176 2560","1"
"2762","3588 2123 4415 4070","2"
"2763","6759 8721 7561 3650","2"
"2764","3165 1202 8383 0000","1"
"2765","3571 0901 7728 3480","3"
"2766","3551 7694 3664 9370","1"
"2767","3547 3298 9516 5060","3"
"2768","3546 7044 4872 0350","3"
"2769","3565 1314 4756 2190","2"
"2770","3564 3644 4555 3930","3"
"2771","3573 4179 6266 0800","3"
"2772","6396 7512 0730 9940","2"
"2773","3576 2374 8020 8070","2"
"2774","3537 5811 9609 0230","1"
"2775","6709 0800 4484 0250","1"
"2776","3588 2394 2060 2060","2"
"2777","3535 0801 0844 9040","2"
"2778","4508 0649 9435 3370","3"
"2779","6022 1956 5182 9800","2"
"2780","6331 1046 5064 1220","1"
"2781","4026 9899 8684 7950","3"
"2782","3427 8640 9608 0000","3"
"2783","3536 9893 8980 9910","3"
"2784","3566 6066 2745 3310","2"
"2785","5018 5039 5345 0490","1"
"2786","6210 7664 5464 0000","2"
"2787","3536 6941 8325 4120","1"
"2788","5010 1212 6344 0900","2"
"2789","3549 6468 8809 4530","3"
"2790","3531 3561 5581 0080","3"
"2791","5893 9805 1030 4470","2"
"2792","3584 4585 3802 7810","2"
"2793","7063 3033 6524 8600","1"
"2794","6395 0806 9122 2450","2"
"2795","4005 3815 3607 3900","2"
"2796","5010 1270 1820 3590","1"
"2797","3577 2513 4135 4310","1"
"2798","6006 0950 5430 0000","2"
"2799","3577 9323 5644 0060","2"
"2800","6771 1623 1513 2870","3"
"2801","4750 6803 7498 3000","1"
"2802","4405 2188 6162 7360","1"
"2803","3567 9153 6097 0540","1"
"2804","5571 8854 7325 1930","2"
"2805","3531 3014 7514 2570","2"
"2806","3540 9093 5668 1790","2"
"2807","3529 5678 7127 0670","2"
"2808","5007 6695 6446 6190","3"
"2809","6304 0760 1585 2080","1"
"2810","3577 9783 5744 1810","3"
"2811","5893 1646 4542 0670","3"
"2812","3575 0743 7456 3510","2"
"2813","3575 8657 2918 9620","3"
"2814","5100 1741 4778 3930","3"
"2815","5010 1218 9634 8230","3"
"2816","0678 1542 3940 2000","1"
"2817","3537 5566 1874 4490","2"
"2818","3556 9310 5276 7770","2"
"2819","3547 6329 1843 1210","1"
"2820","7066 4035 1560 4400","2"
"2821","3547 4241 5784 1980","2"
"2822","5945 6946 1087 8000","1"
"2823","3565 7777 1708 2760","3"
"2824","3576 7373 3236 4960","3"
"2825","3562 4923 8697 5070","3"
"2826","5242 0457 6375 0720","3"
"2827","3549 9363 0200 8930","3"
"2828","3535 9603 7472 5670","2"
"2829","6373 6186 8554 4190","2"
"2830","3537 6042 5830 1860","2"
"2831","3566 5371 2038 2130","2"
"2832","3542 5755 7307 1110","3"
"2833","7623 8691 5756 4000","3"
"2834","3545 6692 7050 3720","3"
"2835","3567 2953 8503 2790","2"
"2836","3589 3577 8853 5460","3"
"2837","3548 1721 9442 2660","1"
"2838","5602 2290 9318 3880","2"
"2839","3319 0491 6350 3000","1"
"2840","4508 5728 1609 0200","3"
"2841","9972 8081 1531 0000","2"
"2842","3570 6580 9180 3880","1"
"2843","4041 3797 6845 3680","2"
"2844","5420 3847 5507 1630","2"
"2845","3534 1086 4963 7270","1"
"2846","3543 9113 9342 4150","2"
"2847","3529 8719 7371 5680","1"
"2848","3583 8245 0224 2130","2"
"2849","5232 9626 2629 3240","1"
"2850","3580 3779 3198 8540","3"
"2851","3570 7711 8736 2850","1"
"2852","3541 9008 5202 9920","3"
"2853","5560 9336 1574 6320","2"
"2854","3567 4600 2258 7300","2"
"2855","4175 0017 7830 4060","3"
"2856","3533 4206 5353 5160","1"
"2857","3537 5425 7833 0110","3"
"2858","4913 5918 9018 8370","1"
"2859","3535 2098 2644 4660","2"
"2860","4917 7178 5516 9290","1"
"2861","4913 9807 0861 8080","3"
"2862","3558 0396 3077 1910","2"
"2863","3533 1838 9145 5170","3"
"2864","9341 6940 5253 9000","3"
"2865","3563 1182 9177 8900","2"
"2866","4405 9107 0038 5910","2"
"2867","5602 2419 4746 3160","1"
"2868","5610 2765 8333 5280","1"
"2869","3570 0428 5692 9360","1"
"2870","4911 2001 3575 7220","3"
"2871","5395 0996 3753 1750","3"
"2872","5956 4229 1628 4000","3"
"2873","5007 6623 8337 3220","1"
"2874","3543 9048 2932 6130","1"
"2875","3586 1936 8594 2300","3"
"2876","4508 2192 9031 1090","1"
"2877","3563 5228 8545 4420","2"
"2878","3570 3421 9813 8720","3"
"2879","5559 5825 4715 1480","1"
"2880","3578 6135 3028 8290","1"
"2881","5937 5645 3404 2000","2"
"2882","3530 1896 8951 8610","1"
"2883","3530 7309 0652 6040","1"
"2884","5108 7538 5115 4610","1"
"2885","5602 2142 0440 2490","2"
"2886","6379 3747 2373 4790","2"
"2887","4175 0043 8278 2280","1"
"2888","3552 0914 2067 9820","2"
"2889","3581 1066 9982 9440","3"
"2890","5002 3506 7805 2650","1"
"2891","3545 1698 2169 1260","3"
"2892","1079 5303 0140 9000","2"
"2893","4175 0069 1817 9330","3"
"2894","0501 5910 0632 3000","3"
"2895","3528 8008 4507 7270","1"
"2896","3535 7805 3248 0710","2"
"2897","0574 8181 6888 2000","1"
"2898","3541 0473 8535 4070","3"
"2899","4026 0260 0306 8370","3"
"2900","3572 3998 1578 1070","3"
"2901","3110 2039 9272 8000","3"
"2902","3579 5264 2223 0220","1"
"2903","3534 2138 5126 3760","2"
"2904","0221 7598 4579 4000","2"
"2905","5602 2370 7167 5280","2"
"2906","3576 5191 0642 6110","3"
"2907","5602 2146 3630 3440","3"
"2908","3576 6069 0282 6150","2"
"2909","4917 9359 6333 0520","1"
"2910","3552 7702 5623 8080","2"
"2911","3528 8425 3799 4620","1"
"2912","3561 2444 4151 8890","3"
"2913","3043 7289 3701 6000","2"
"2914","3542 4862 2146 3150","2"
"2915","3548 9078 2450 7580","2"
"2916","0492 8565 3552 0000","2"
"2917","3495 0258 3429 0000","3"
"2918","3582 6148 5853 9340","3"
"2919","3557 4815 7252 5190","2"
"2920","6393 3779 3600 8850","2"
"2921","3537 4891 8263 2450","1"
"2922","3576 2588 8684 7890","2"
"2923","1002 7755 5286 0000","2"
"2924","6148 4103 9543 0000","2"
"2925","4026 8485 4696 3580","3"
"2926","0413 7470 8292 5000","3"
"2927","3587 7340 3040 5690","1"
"2928","3573 9394 4726 1670","3"
"2929","5602 2319 9187 0220","3"
"2930","3555 9206 1911 8130","2"
"2931","5409 9614 3142 5120","3"
"2932","5433 2872 1984 4420","2"
"2933","1175 4560 9930 8000","1"
"2934","5610 9305 1281 4710","1"
"2935","3552 2189 6492 7710","3"
"2936","3581 8470 9927 5240","2"
"2937","3585 7157 3191 4140","3"
"2938","5100 1305 1804 5240","1"
"2939","4175 0080 4873 7500","3"
"2940","5232 0199 7441 9760","1"
"2941","0424 9494 1712 8000","1"
"2942","3588 1514 6591 9840","3"
"2943","3586 1025 2244 8950","2"
"2944","3562 9092 1874 8090","1"
"2945","7639 5635 6540 6900","2"
"2946","5108 7519 0074 5710","2"
"2947","3575 5205 3921 1960","2"
"2948","6371 9358 1966 4560","1"
"2949","5100 1714 5957 1690","2"
"2950","3574 1689 8327 4860","3"
"2951","5602 2269 0406 9690","3"
"2952","5404 5254 2262 4220","3"
"2953","3539 6411 0897 7860","1"
"2954","5108 7591 9896 3500","3"
"2955","3541 7991 3218 3560","3"
"2956","5592 1677 2636 4560","3"
"2957","5602 2422 7981 0800","3"
"2958","0388 8855 0466 2800","1"
"2959","3558 6763 7011 2620","1"
"2960","3542 0853 8934 8050","1"
"2961","3550 3531 9512 8320","1"
"2962","3563 0457 9300 9580","2"
"2963","7637 4143 0278 3200","2"
"2964","3584 0341 1737 5520","1"
"2965","4041 3797 4763 6180","2"
"2966","3572 2383 7239 9530","1"
"2967","3567 1484 2391 7530","2"
"2968","3559 2676 3698 1740","1"
"2969","3564 0711 0795 3220","3"
"2970","6384 1051 2407 2630","3"
"2971","3582 6803 4511 6730","3"
"2972","3300 7121 5437 3000","3"
"2973","3573 6122 2346 4150","2"
"2974","3528 7206 2076 5100","2"
"2975","6759 2362 0602 2980","3"
"2976","3571 1795 2563 9060","3"
"2977","9282 6608 3027 0000","1"
"2978","7639 1307 8032 1000","3"
"2979","5161 7902 6931 6900","1"
"2980","6771 6549 2064 0930","3"
"2981","0444 8214 7370 5300","3"
"2982","3536 0125 1760 8090","3"
"2983","5007 6642 0918 1560","2"
"2984","4917 2640 5838 5890","3"
"2985","3554 1037 0528 1560","2"
"2986","3580 8681 8517 8660","1"
"2987","4017 9516 8833 0030","2"
"2988","3568 4020 2079 2830","1"
"2989","6333 1760 4686 9380","3"
"2990","7163 3188 5316 9000","1"
"2991","3556 6033 3438 6380","3"
"2992","3555 0848 4965 9290","3"
"2993","3563 7626 9366 9450","2"
"2994","5893 8877 3402 3350","3"
"2995","0407 7176 7016 1000","3"
"2996","0978 0630 6339 6000","1"
"2997","3532 7800 8530 6040","1"
"2998","6380 2413 6922 5040","2"
"2999","5492 3353 9181 5700","3"
"3000","2030 2922 1044 3000","3"